compile_warmup_wall_ms,warmup_wall_ms,measured_kernel_wall_ms,measured_kernel_mean_ms,active_steps,n_embd,n_q_head,n_kv_head,block_size,num_tensor_parallel_workers,max_model_len,batch_size,prefill_chunk_size,kv_cache_size,is_prefill,attention_backend
2017.598185047973,2017.598185047973,3.2668299973011017,0.6533659994602203,5,2560,32,32,16,1,4096,1,64,0,True,triton
0.0,3.442996006924659,5.7620309526100755,1.152406190522015,5,2560,32,32,16,1,4096,1,64,64,True,triton
0.0,4.765608988236636,10.973819007631391,2.1947638015262783,5,2560,32,32,16,1,4096,1,64,128,True,triton
0.0,456.2465620110743,11.475865030661225,2.295173006132245,5,2560,32,32,16,1,4096,1,64,192,True,triton
0.0,8.036599028855562,13.840719999279827,2.7681439998559654,5,2560,32,32,16,1,4096,1,64,256,True,triton
0.0,6.619177991524339,14.337375992909074,2.8674751985818148,5,2560,32,32,16,1,4096,1,64,320,True,triton
0.0,7.83026497811079,16.191215021535754,3.238243004307151,5,2560,32,32,16,1,4096,1,64,384,True,triton
0.0,8.694170974195004,18.82672298233956,3.765344596467912,5,2560,32,32,16,1,4096,1,64,448,True,triton
0.0,9.251846000552177,20.324010984040797,4.064802196808159,5,2560,32,32,16,1,4096,1,64,512,True,triton
0.0,10.716994991526008,22.676776978187263,4.535355395637453,5,2560,32,32,16,1,4096,1,64,576,True,triton
0.0,11.310328962281346,25.195187015924603,5.0390374031849205,5,2560,32,32,16,1,4096,1,64,640,True,triton
0.0,14.822583005297929,27.987701003439724,5.597540200687945,5,2560,32,32,16,1,4096,1,64,704,True,triton
0.0,17.32969400472939,32.82352798851207,6.564705597702414,5,2560,32,32,16,1,4096,1,64,768,True,triton
0.0,14.137121965177357,32.121516996994615,6.424303399398923,5,2560,32,32,16,1,4096,1,64,832,True,triton
0.0,15.992379980161786,34.59766000742093,6.9195320014841855,5,2560,32,32,16,1,4096,1,64,896,True,triton
0.0,15.58667200151831,37.97447599936277,7.594895199872553,5,2560,32,32,16,1,4096,1,64,960,True,triton
0.0,20.240783982444555,41.99945600703359,8.399891201406717,5,2560,32,32,16,1,4096,1,64,1024,True,triton
0.0,18.07243301300332,46.43934400519356,9.287868801038712,5,2560,32,32,16,1,4096,1,64,1088,True,triton
0.0,18.813844013493508,44.541285024024546,8.90825700480491,5,2560,32,32,16,1,4096,1,64,1152,True,triton
0.0,19.926662964280695,45.09980004513636,9.019960009027272,5,2560,32,32,16,1,4096,1,64,1216,True,triton
0.0,21.112809015903622,52.23937501432374,10.447875002864748,5,2560,32,32,16,1,4096,1,64,1280,True,triton
0.0,23.60939100617543,52.91115603176877,10.582231206353754,5,2560,32,32,16,1,4096,1,64,1344,True,triton
0.0,26.589429995510727,52.13884700788185,10.42776940157637,5,2560,32,32,16,1,4096,1,64,1408,True,triton
0.0,27.25099102826789,56.742471002507955,11.348494200501591,5,2560,32,32,16,1,4096,1,64,1472,True,triton
0.0,25.082751002628356,57.060702005401254,11.41214040108025,5,2560,32,32,16,1,4096,1,64,1536,True,triton
0.0,25.29451495502144,59.94193296646699,11.988386593293399,5,2560,32,32,16,1,4096,1,64,1600,True,triton
0.0,26.43235301366076,65.6699959654361,13.13399919308722,5,2560,32,32,16,1,4096,1,64,1664,True,triton
0.0,26.69687703019008,62.63854796998203,12.527709593996406,5,2560,32,32,16,1,4096,1,64,1728,True,triton
0.0,27.12299401173368,63.770167995244265,12.754033599048853,5,2560,32,32,16,1,4096,1,64,1792,True,triton
0.0,29.33140395907685,67.64795101480559,13.529590202961117,5,2560,32,32,16,1,4096,1,64,1856,True,triton
0.0,31.34070901433006,70.13595302123576,14.027190604247153,5,2560,32,32,16,1,4096,1,64,1920,True,triton
0.0,31.208792992401868,74.25968901952729,14.851937803905457,5,2560,32,32,16,1,4096,1,64,1984,True,triton
0.0,2.8781709843315184,4.057348007336259,0.8114696014672518,5,2560,32,32,16,1,4096,1,80,0,True,triton
0.0,3.7714370409958065,6.293877027928829,1.2587754055857658,5,2560,32,32,16,1,4096,1,80,80,True,triton
0.0,4.50061698211357,8.789958024863154,1.7579916049726307,5,2560,32,32,16,1,4096,1,80,160,True,triton
0.0,5.990364996250719,12.019510031677783,2.4039020063355565,5,2560,32,32,16,1,4096,1,80,240,True,triton
0.0,6.794514018110931,14.218538999557495,2.843707799911499,5,2560,32,32,16,1,4096,1,80,320,True,triton
0.0,8.023838978260756,17.78348197694868,3.5566963953897357,5,2560,32,32,16,1,4096,1,80,400,True,triton
0.0,9.352653054520488,20.578334981109947,4.115666996221989,5,2560,32,32,16,1,4096,1,80,480,True,triton
0.0,9.90351801738143,22.171741002239287,4.434348200447857,5,2560,32,32,16,1,4096,1,80,560,True,triton
0.0,11.395376990549266,25.904668029397726,5.180933605879545,5,2560,32,32,16,1,4096,1,80,640,True,triton
0.0,12.50601705396548,28.026839019730687,5.605367803946137,5,2560,32,32,16,1,4096,1,80,720,True,triton
0.0,13.561636966187507,41.680303984321654,8.33606079686433,5,2560,32,32,16,1,4096,1,80,800,True,triton
0.0,15.845945046748966,33.98424602346495,6.79684920469299,5,2560,32,32,16,1,4096,1,80,880,True,triton
0.0,16.27063303021714,39.34952901909128,7.869905803818256,5,2560,32,32,16,1,4096,1,80,960,True,triton
0.0,18.41935404809192,41.00315400864929,8.200630801729858,5,2560,32,32,16,1,4096,1,80,1040,True,triton
0.0,19.255030958447605,42.776214017067105,8.555242803413421,5,2560,32,32,16,1,4096,1,80,1120,True,triton
0.0,24.591853958554566,49.10243098856881,9.820486197713763,5,2560,32,32,16,1,4096,1,80,1200,True,triton
0.0,24.793879012577236,48.00417000660673,9.600834001321346,5,2560,32,32,16,1,4096,1,80,1280,True,triton
0.0,22.344475029967725,50.942300993483514,10.188460198696703,5,2560,32,32,16,1,4096,1,80,1360,True,triton
0.0,25.24249703856185,52.715790981892496,10.5431581963785,5,2560,32,32,16,1,4096,1,80,1440,True,triton
0.0,23.590940982103348,55.28312100796029,11.056624201592058,5,2560,32,32,16,1,4096,1,80,1520,True,triton
0.0,24.90588597720489,59.148194966837764,11.829638993367553,5,2560,32,32,16,1,4096,1,80,1600,True,triton
0.0,26.596368988975883,62.0372659759596,12.40745319519192,5,2560,32,32,16,1,4096,1,80,1680,True,triton
0.0,28.35499099455774,65.1697990251705,13.033959805034101,5,2560,32,32,16,1,4096,1,80,1760,True,triton
0.0,37.955307052470744,73.5432889778167,14.70865779556334,5,2560,32,32,16,1,4096,1,80,1840,True,triton
0.0,30.201320012565702,75.9675019653514,15.19350039307028,5,2560,32,32,16,1,4096,1,80,1920,True,triton
0.0,2.5101309875026345,4.050488991197199,0.8100977982394397,5,2560,32,32,16,1,4096,1,96,0,True,triton
0.0,3.9519810234196484,7.96512101078406,1.593024202156812,5,2560,32,32,16,1,4096,1,96,96,True,triton
0.0,5.3472439758479595,10.567669989541173,2.1135339979082346,5,2560,32,32,16,1,4096,1,96,192,True,triton
0.0,6.665887020062655,15.054406016133726,3.010881203226745,5,2560,32,32,16,1,4096,1,96,288,True,triton
0.0,8.69995099492371,17.94145698659122,3.588291397318244,5,2560,32,32,16,1,4096,1,96,384,True,triton
0.0,9.504898975137621,20.536896015983075,4.107379203196615,5,2560,32,32,16,1,4096,1,96,480,True,triton
0.0,11.230761010665447,23.317879997193813,4.663575999438763,5,2560,32,32,16,1,4096,1,96,576,True,triton
0.0,12.451507966034114,27.919343032408506,5.583868606481701,5,2560,32,32,16,1,4096,1,96,672,True,triton
0.0,13.882428000215441,31.199702993035316,6.239940598607063,5,2560,32,32,16,1,4096,1,96,768,True,triton
0.0,15.19441301934421,39.16905296500772,7.8338105930015445,5,2560,32,32,16,1,4096,1,96,864,True,triton
0.0,20.67959203850478,38.25753799173981,7.651507598347962,5,2560,32,32,16,1,4096,1,96,960,True,triton
0.0,17.77837099507451,50.13955198228359,10.027910396456718,5,2560,32,32,16,1,4096,1,96,1056,True,triton
0.0,23.33680901210755,51.541084016207606,10.308216803241521,5,2560,32,32,16,1,4096,1,96,1152,True,triton
0.0,21.156268019694835,47.36611898988485,9.47322379797697,5,2560,32,32,16,1,4096,1,96,1248,True,triton
0.0,21.72583300853148,50.67286698613316,10.134573397226632,5,2560,32,32,16,1,4096,1,96,1344,True,triton
0.0,31.551723019219935,57.756173016969115,11.551234603393823,5,2560,32,32,16,1,4096,1,96,1440,True,triton
0.0,24.299951968714595,57.41109198424965,11.48221839684993,5,2560,32,32,16,1,4096,1,96,1536,True,triton
0.0,25.797451031394303,62.07219400675967,12.414438801351935,5,2560,32,32,16,1,4096,1,96,1632,True,triton
0.0,27.234900975599885,63.51740501122549,12.703481002245098,5,2560,32,32,16,1,4096,1,96,1728,True,triton
0.0,29.22603697516024,68.80500901024789,13.761001802049577,5,2560,32,32,16,1,4096,1,96,1824,True,triton
0.0,30.831943033263087,72.19541602535173,14.439083205070347,5,2560,32,32,16,1,4096,1,96,1920,True,triton
0.0,2.693205955438316,4.798537993337959,0.9597075986675918,5,2560,32,32,16,1,4096,1,112,0,True,triton
0.0,5.094629945233464,9.094339970033616,1.8188679940067232,5,2560,32,32,16,1,4096,1,112,112,True,triton
0.0,5.835680000018328,12.552244996186346,2.510448999237269,5,2560,32,32,16,1,4096,1,112,224,True,triton
0.0,9.998885041568428,20.942003990057856,4.188400798011571,5,2560,32,32,16,1,4096,1,112,336,True,triton
0.0,9.279505000449717,20.000479998998344,4.000095999799669,5,2560,32,32,16,1,4096,1,112,448,True,triton
0.0,11.050865985453129,24.970514001324773,4.994102800264955,5,2560,32,32,16,1,4096,1,112,560,True,triton
0.0,13.492158963344991,28.24753400636837,5.649506801273674,5,2560,32,32,16,1,4096,1,112,672,True,triton
0.0,14.612528029829264,34.07245397102088,6.8144907942041755,5,2560,32,32,16,1,4096,1,112,784,True,triton
0.0,15.80622501205653,36.20677499566227,7.241354999132454,5,2560,32,32,16,1,4096,1,112,896,True,triton
0.0,17.269926029257476,40.7568400260061,8.15136800520122,5,2560,32,32,16,1,4096,1,112,1008,True,triton
0.0,18.991918012034148,45.22137704771012,9.044275409542024,5,2560,32,32,16,1,4096,1,112,1120,True,triton
0.0,24.37070000451058,50.101522996556014,10.020304599311203,5,2560,32,32,16,1,4096,1,112,1232,True,triton
0.0,23.898042971268296,52.52076598117128,10.504153196234256,5,2560,32,32,16,1,4096,1,112,1344,True,triton
0.0,31.50980395730585,58.642107993364334,11.728421598672867,5,2560,32,32,16,1,4096,1,112,1456,True,triton
0.0,26.123841991648078,61.28894502762705,12.25778900552541,5,2560,32,32,16,1,4096,1,112,1568,True,triton
0.0,27.066025999374688,65.94704801682383,13.189409603364766,5,2560,32,32,16,1,4096,1,112,1680,True,triton
0.0,28.719460999127477,68.7158209620975,13.7431641924195,5,2560,32,32,16,1,4096,1,112,1792,True,triton
0.0,31.536682974547148,77.9880770132877,15.597615402657539,5,2560,32,32,16,1,4096,1,112,1904,True,triton
0.0,2.934028976596892,5.537387973163277,1.1074775946326554,5,2560,32,32,16,1,4096,1,128,0,True,triton
0.0,5.974935018457472,12.583175033796579,2.5166350067593157,5,2560,32,32,16,1,4096,1,128,128,True,triton
0.0,8.622652967460454,14.744854997843504,2.948970999568701,5,2560,32,32,16,1,4096,1,128,256,True,triton
0.0,8.91884503653273,18.711456039454788,3.7422912078909576,5,2560,32,32,16,1,4096,1,128,384,True,triton
0.0,11.90886297263205,23.707918997388333,4.741583799477667,5,2560,32,32,16,1,4096,1,128,512,True,triton
0.0,13.677754031959921,29.50897900154814,5.901795800309628,5,2560,32,32,16,1,4096,1,128,640,True,triton
0.0,15.20984194939956,32.52285596681759,6.5045711933635175,5,2560,32,32,16,1,4096,1,128,768,True,triton
0.0,16.97416399838403,36.82437801035121,7.364875602070242,5,2560,32,32,16,1,4096,1,128,896,True,triton
0.0,18.53273098822683,40.393440052866936,8.078688010573387,5,2560,32,32,16,1,4096,1,128,1024,True,triton
0.0,19.693358975928277,45.33405398251489,9.066810796502978,5,2560,32,32,16,1,4096,1,128,1152,True,triton
0.0,23.185632016975433,51.18022399256006,10.236044798512012,5,2560,32,32,16,1,4096,1,128,1280,True,triton
0.0,27.064796013291925,60.21614500787109,12.043229001574218,5,2560,32,32,16,1,4096,1,128,1408,True,triton
0.0,25.441190984565765,59.47617598576471,11.895235197152942,5,2560,32,32,16,1,4096,1,128,1536,True,triton
0.0,31.47676499793306,63.83928598370403,12.767857196740806,5,2560,32,32,16,1,4096,1,128,1664,True,triton
0.0,39.126774994656444,71.32027996703982,14.264055993407965,5,2560,32,32,16,1,4096,1,128,1792,True,triton
0.0,32.53488597692922,72.29146303143352,14.458292606286705,5,2560,32,32,16,1,4096,1,128,1920,True,triton
0.0,2.835351973772049,5.165727983694524,1.0331455967389047,5,2560,32,32,16,1,4096,1,128,0,True,triton
0.0,5.175697966478765,9.65377496322617,1.9307549926452339,5,2560,32,32,16,1,4096,1,128,128,True,triton
0.0,9.010571986436844,14.232588990125805,2.846517798025161,5,2560,32,32,16,1,4096,1,128,256,True,triton
0.0,8.556335000321269,18.96255899919197,3.792511799838394,5,2560,32,32,16,1,4096,1,128,384,True,triton
0.0,12.725460983347148,24.39783897716552,4.879567795433104,5,2560,32,32,16,1,4096,1,128,512,True,triton
0.0,12.961184023879468,30.467413016594946,6.093482603318989,5,2560,32,32,16,1,4096,1,128,640,True,triton
0.0,13.976585993077606,31.87456401064992,6.374912802129984,5,2560,32,32,16,1,4096,1,128,768,True,triton
0.0,21.87349903397262,36.16113599855453,7.2322271997109056,5,2560,32,32,16,1,4096,1,128,896,True,triton
0.0,18.16279097693041,41.686204029247165,8.337240805849433,5,2560,32,32,16,1,4096,1,128,1024,True,triton
0.0,19.97593097621575,46.285567979793996,9.2571135959588,5,2560,32,32,16,1,4096,1,128,1152,True,triton
0.0,22.211809002328664,50.74804596370086,10.149609192740172,5,2560,32,32,16,1,4096,1,128,1280,True,triton
0.0,25.98944603232667,61.18874897947535,12.23774979589507,5,2560,32,32,16,1,4096,1,128,1408,True,triton
0.0,25.752493005711585,61.26097700325772,12.252195400651544,5,2560,32,32,16,1,4096,1,128,1536,True,triton
0.0,27.137624041642994,70.66799799213186,14.133599598426372,5,2560,32,32,16,1,4096,1,128,1664,True,triton
0.0,33.140269049908966,70.03612600965425,14.00722520193085,5,2560,32,32,16,1,4096,1,128,1792,True,triton
0.0,32.532355980947614,75.85054496303201,15.170108992606401,5,2560,32,32,16,1,4096,1,128,1920,True,triton
0.0,3.4317249665036798,6.489621999207884,1.2979243998415768,5,2560,32,32,16,1,4096,1,160,0,True,triton
0.0,6.134631985332817,11.774635990150273,2.3549271980300546,5,2560,32,32,16,1,4096,1,160,160,True,triton
0.0,10.159081022720784,19.4076860207133,3.88153720414266,5,2560,32,32,16,1,4096,1,160,320,True,triton
0.0,11.562942003365606,23.37248797994107,4.674497595988214,5,2560,32,32,16,1,4096,1,160,480,True,triton
0.0,12.793718022294343,29.841170005965978,5.968234001193196,5,2560,32,32,16,1,4096,1,160,640,True,triton
0.0,15.403576020617038,40.47378804534674,8.094757609069347,5,2560,32,32,16,1,4096,1,160,800,True,triton
0.0,19.374397990759462,45.46877002576366,9.093754005152732,5,2560,32,32,16,1,4096,1,160,960,True,triton
0.0,22.7053560083732,51.79257597774267,10.358515195548534,5,2560,32,32,16,1,4096,1,160,1120,True,triton
0.0,23.31689902348444,52.22737498115748,10.445474996231496,5,2560,32,32,16,1,4096,1,160,1280,True,triton
0.0,25.07642103591934,60.65396300982684,12.130792601965368,5,2560,32,32,16,1,4096,1,160,1440,True,triton
0.0,32.51958597684279,67.26332200923935,13.45266440184787,5,2560,32,32,16,1,4096,1,160,1600,True,triton
0.0,30.10476304916665,74.75190499098971,14.950380998197943,5,2560,32,32,16,1,4096,1,160,1760,True,triton
0.0,4.043988999910653,7.362306991126388,1.4724613982252777,5,2560,32,32,16,1,4096,1,192,0,True,triton
0.0,6.8585219560191035,14.077513013035059,2.815502602607012,5,2560,32,32,16,1,4096,1,192,192,True,triton
0.0,11.276539997197688,21.70512400334701,4.341024800669402,5,2560,32,32,16,1,4096,1,192,384,True,triton
0.0,13.584617001470178,28.62883300986141,5.725766601972282,5,2560,32,32,16,1,4096,1,192,576,True,triton
0.0,15.362348000053316,37.501240032725036,7.500248006545007,5,2560,32,32,16,1,4096,1,192,768,True,triton
0.0,18.664517032448202,42.60552901541814,8.521105803083628,5,2560,32,32,16,1,4096,1,192,960,True,triton
0.0,23.38704699650407,48.841527954209596,9.76830559084192,5,2560,32,32,16,1,4096,1,192,1152,True,triton
0.0,24.480357998982072,56.23435397865251,11.246870795730501,5,2560,32,32,16,1,4096,1,192,1344,True,triton
0.0,28.518476989120245,63.652590033598244,12.730518006719649,5,2560,32,32,16,1,4096,1,192,1536,True,triton
0.0,35.33483896171674,70.03371499013156,14.006742998026311,5,2560,32,32,16,1,4096,1,192,1728,True,triton
0.0,5.902507982682437,9.63659503031522,1.927319006063044,5,2560,32,32,16,1,4096,1,224,0,True,triton
0.0,7.800504972692579,17.60118594393134,3.5202371887862682,5,2560,32,32,16,1,4096,1,224,224,True,triton
0.0,15.277880011126399,27.245520963333547,5.449104192666709,5,2560,32,32,16,1,4096,1,224,448,True,triton
0.0,14.755114971194416,32.56197500741109,6.5123950014822185,5,2560,32,32,16,1,4096,1,224,672,True,triton
0.0,18.306916987057775,43.11472503468394,8.622945006936789,5,2560,32,32,16,1,4096,1,224,896,True,triton
0.0,22.891691012773663,51.065906998701394,10.213181399740279,5,2560,32,32,16,1,4096,1,224,1120,True,triton
0.0,27.603781025391072,61.40900304308161,12.281800608616322,5,2560,32,32,16,1,4096,1,224,1344,True,triton
0.0,30.012784991413355,67.02176801627502,13.404353603255004,5,2560,32,32,16,1,4096,1,224,1568,True,triton
0.0,34.34531600214541,74.06562496908009,14.813124993816018,5,2560,32,32,16,1,4096,1,224,1792,True,triton
0.0,5.112378974445164,10.054944024886936,2.010988804977387,5,2560,32,32,16,1,4096,1,256,0,True,triton
0.0,8.80090898135677,19.630920025520027,3.9261840051040053,5,2560,32,32,16,1,4096,1,256,256,True,triton
0.0,13.486550014931709,32.30423200875521,6.460846401751041,5,2560,32,32,16,1,4096,1,256,512,True,triton
0.0,18.39263498550281,41.018151969183236,8.203630393836647,5,2560,32,32,16,1,4096,1,256,768,True,triton
0.0,22.26816798793152,47.11150500224903,9.422301000449806,5,2560,32,32,16,1,4096,1,256,1024,True,triton
0.0,24.70703102881089,58.4893929772079,11.69787859544158,5,2560,32,32,16,1,4096,1,256,1280,True,triton
0.0,31.404196983203292,67.64299102360383,13.528598204720765,5,2560,32,32,16,1,4096,1,256,1536,True,triton
0.0,32.24476403556764,76.93451596423984,15.386903192847967,5,2560,32,32,16,1,4096,1,256,1792,True,triton
0.0,6.209388957358897,11.440615984611213,2.2881231969222426,5,2560,32,32,16,1,4096,1,288,0,True,triton
0.0,12.40547903580591,24.94310401380062,4.988620802760124,5,2560,32,32,16,1,4096,1,288,288,True,triton
0.0,15.744787000585347,33.26495597139001,6.652991194278002,5,2560,32,32,16,1,4096,1,288,576,True,triton
0.0,21.29350497853011,42.107112996745855,8.421422599349171,5,2560,32,32,16,1,4096,1,288,864,True,triton
0.0,25.699233985505998,53.546777984593064,10.709355596918613,5,2560,32,32,16,1,4096,1,288,1152,True,triton
0.0,29.09661002922803,67.43651698343456,13.487303396686912,5,2560,32,32,16,1,4096,1,288,1440,True,triton
0.0,35.40467697894201,73.23819695739076,14.647639391478151,5,2560,32,32,16,1,4096,1,288,1728,True,triton
0.0,6.297756975982338,12.500807002652436,2.5001614005304873,5,2560,32,32,16,1,4096,1,320,0,True,triton
0.0,11.368078005034477,24.30711197666824,4.861422395333648,5,2560,32,32,16,1,4096,1,320,320,True,triton
0.0,16.21780399000272,36.66394198080525,7.33278839616105,5,2560,32,32,16,1,4096,1,320,640,True,triton
0.0,20.83482698071748,48.076658975332975,9.615331795066595,5,2560,32,32,16,1,4096,1,320,960,True,triton
0.0,26.987497985828668,63.41502699069679,12.683005398139358,5,2560,32,32,16,1,4096,1,320,1280,True,triton
0.0,31.837785034440458,73.34139401791617,14.668278803583235,5,2560,32,32,16,1,4096,1,320,1600,True,triton
0.0,6.298587017226964,13.45035998383537,2.690071996767074,5,2560,32,32,16,1,4096,1,352,0,True,triton
0.0,11.945792008191347,25.797011039685458,5.159402207937092,5,2560,32,32,16,1,4096,1,352,352,True,triton
0.0,17.185457982122898,38.42985403025523,7.685970806051046,5,2560,32,32,16,1,4096,1,352,704,True,triton
0.0,24.947864993009716,51.911922986619174,10.382384597323835,5,2560,32,32,16,1,4096,1,352,1056,True,triton
0.0,29.06040201196447,68.91574600012973,13.783149200025946,5,2560,32,32,16,1,4096,1,352,1408,True,triton
0.0,7.143163995351642,14.43731295876205,2.88746259175241,5,2560,32,32,16,1,4096,1,384,0,True,triton
0.0,12.945624010171741,29.29870499065146,5.859740998130292,5,2560,32,32,16,1,4096,1,384,384,True,triton
0.0,20.013189991004765,42.90446103550494,8.580892207100987,5,2560,32,32,16,1,4096,1,384,768,True,triton
0.0,26.028654945548624,57.560087996535,11.512017599307,5,2560,32,32,16,1,4096,1,384,1152,True,triton
0.0,32.64181304257363,69.5991669781506,13.919833395630121,5,2560,32,32,16,1,4096,1,384,1536,True,triton
0.0,8.863696013577282,15.40466700680554,3.080933401361108,5,2560,32,32,16,1,4096,1,416,0,True,triton
0.0,14.587929006665945,30.96926904981956,6.193853809963912,5,2560,32,32,16,1,4096,1,416,416,True,triton
0.0,21.42747101606801,45.90299801202491,9.180599602404982,5,2560,32,32,16,1,4096,1,416,832,True,triton
0.0,27.670929965097457,65.2697859914042,13.053957198280841,5,2560,32,32,16,1,4096,1,416,1248,True,triton
0.0,8.46432795515284,16.819197975564748,3.3638395951129496,5,2560,32,32,16,1,4096,1,448,0,True,triton
0.0,15.66243899287656,45.953976979944855,9.190795395988971,5,2560,32,32,16,1,4096,1,448,448,True,triton
0.0,23.12891505425796,50.76321499655023,10.152642999310046,5,2560,32,32,16,1,4096,1,448,896,True,triton
0.0,29.969965980853885,69.22449800185859,13.844899600371718,5,2560,32,32,16,1,4096,1,448,1344,True,triton
0.0,8.70524998754263,18.058264045976102,3.6116528091952205,5,2560,32,32,16,1,4096,1,480,0,True,triton
0.0,16.529705957509577,36.489966965746135,7.297993393149227,5,2560,32,32,16,1,4096,1,480,480,True,triton
