time_stats.attn_input_reshape.min,time_stats.attn_input_reshape.max,time_stats.attn_input_reshape.mean,time_stats.attn_input_reshape.median,time_stats.attn_input_reshape.std,time_stats.attn_kv_cache_save.min,time_stats.attn_kv_cache_save.max,time_stats.attn_kv_cache_save.mean,time_stats.attn_kv_cache_save.median,time_stats.attn_kv_cache_save.std,time_stats.attn_prefill.min,time_stats.attn_prefill.max,time_stats.attn_prefill.mean,time_stats.attn_prefill.median,time_stats.attn_prefill.std,time_stats.attn_output_reshape.min,time_stats.attn_output_reshape.max,time_stats.attn_output_reshape.mean,time_stats.attn_output_reshape.median,time_stats.attn_output_reshape.std,compile_warmup_wall_ms,warmup_wall_ms,measured_kernel_wall_ms,measured_kernel_mean_ms,active_steps,n_embd,n_q_head,n_kv_head,block_size,num_tensor_parallel_workers,max_model_len,batch_size,prefill_chunk_size,kv_cache_size,is_prefill,attention_backend,time_stats.attn_decode.min,time_stats.attn_decode.max,time_stats.attn_decode.mean,time_stats.attn_decode.median,time_stats.attn_decode.std
0.0,0.0,0.0,0.0,0.0,0.17007800000000003,0.29310299999999984,0.2389803999999997,0.2446809999999997,0.03940573702191081,0.032242999999999994,0.03753299999999996,0.03555260000000003,0.03588900000000007,0.0019478967734456597,0.0,0.0,0.0,0.0,0.0,15152.02528500231,15152.02528500231,42.83047397620976,8.566094795241952,5,5120,40,8,16,1,4096,1,64,0,True,triton,0.0,0.0,0.0,0.0,0.0
0.0,0.0,0.0,0.0,0.0,0.1422680000000001,0.2474939999999994,0.19546660000000018,0.20840100000000042,0.040387084126487525,0.03532899999999995,0.039894000000000235,0.03736340000000001,0.03669099999999992,0.0019513271996260367,0.0,0.0,0.0,0.0,0.0,0.0,1294.7011360083707,63.14187397947535,12.62837479589507,5,5120,40,8,16,1,4096,1,64,64,True,triton,0.0,0.0,0.0,0.0,0.0
0.0,0.0,0.0,0.0,0.0,0.09445699999999968,0.6312499999999968,0.22939339999999925,0.1401409999999999,0.20238485594391567,0.04890599999999984,0.05090899999999965,0.04996419999999996,0.05042800000000022,0.0008159187214422796,0.0,0.0,0.0,0.0,0.0,0.0,1272.532607021276,83.35809002164751,16.671618004329503,5,5120,40,8,16,1,4096,1,64,128,True,triton,0.0,0.0,0.0,0.0,0.0
0.0,0.0,0.0,0.0,0.0,0.06378999999999999,0.6054360000000029,0.3022954000000001,0.13373000000000015,0.24788338015090894,0.055115999999999644,0.05771899999999994,0.05675819999999996,0.057039000000000215,0.0008752058957755258,0.0,0.0,0.0,0.0,0.0,0.0,1312.7443190314807,103.8953679963015,20.7790735992603,5,5120,40,8,16,1,4096,1,64,192,True,triton,0.0,0.0,0.0,0.0,0.0
0.0,0.0,0.0,0.0,0.0,0.07260000000000008,0.9168489999999979,0.6910654,0.7825469999999995,0.3152775443691478,0.06933600000000001,0.07330100000000005,0.070617,0.07033499999999993,0.0014007956310612038,0.0,0.0,0.0,0.0,0.0,0.0,1341.3965159561485,144.71914898604155,28.94382979720831,5,5120,40,8,16,1,4096,1,64,256,True,triton,0.0,0.0,0.0,0.0,0.0
0.0,0.0,0.0,0.0,0.0,0.9202960000000032,1.400990999999998,1.2996028000000017,1.3920170000000067,0.189684671439101,0.07530499999999961,0.07646699999999987,0.07568859999999981,0.07538399999999956,0.0004539835239302327,0.0,0.0,0.0,0.0,0.0,0.0,1812.2258970397525,210.89535095961764,42.17907019192353,5,5120,40,8,16,1,4096,1,64,320,True,triton,0.0,0.0,0.0,0.0,0.0
0.0,0.0,0.0,0.0,0.0,0.9270629999999997,1.4703340000000054,1.316268000000002,1.3949470000000097,0.1967997655760812,0.08679699999999935,0.09673500000000013,0.09136579999999994,0.09096600000000013,0.003162996136577062,0.0,0.0,0.0,0.0,0.0,0.0,1356.0145029914565,411.3816950120963,82.27633900241926,5,5120,40,8,16,1,4096,1,64,384,True,triton,0.0,0.0,0.0,0.0,0.0
0.0,0.0,0.0,0.0,0.0,0.9243879999999993,1.4584979999999934,1.2202309999999998,1.3962640000000013,0.2422998051852299,0.09124600000000078,0.12577800000000003,0.1005716000000001,0.09537100000000033,0.012714808321008944,0.0,0.0,0.0,0.0,0.0,0.0,1380.2116599981673,421.4068140136078,84.28136280272156,5,5120,40,8,16,1,4096,1,64,448,True,triton,0.0,0.0,0.0,0.0,0.0
0.0,0.0,0.0,0.0,0.0,0.9312299999999969,1.814128999999965,1.3905119999999933,1.4025599999999954,0.2795835845917901,0.1127580000000005,0.15846600000000013,0.12299679999999995,0.11491999999999984,0.017758026415117284,0.0,0.0,0.0,0.0,0.0,0.0,1350.980251969304,448.2864899910055,89.6572979982011,5,5120,40,8,16,1,4096,1,64,512,True,triton,0.0,0.0,0.0,0.0,0.0
0.0,0.0,0.0,0.0,0.0,0.9349570000000009,1.4112030000000042,1.2266602000000038,1.4100489999999997,0.2254143515479017,0.11471899999999824,0.13086300000000028,0.12063979999999948,0.11924499999999967,0.0054022629850837625,0.0,0.0,0.0,0.0,0.0,0.0,1412.1568039990962,451.60546497209,90.321092994418,5,5120,40,8,16,1,4096,1,64,576,True,triton,0.0,0.0,0.0,0.0,0.0
0.0,0.0,0.0,0.0,0.0,1.0214889999999976,1.5165330000000061,1.1362932000000012,1.0449139999999992,0.19045221172084337,0.1371500000000001,0.15177299999999877,0.14068440000000026,0.13775100000000157,0.005609763581470442,0.0,0.0,0.0,0.0,0.0,0.0,1420.9411979536526,460.411592037417,92.0823184074834,5,5120,40,8,16,1,4096,1,64,640,True,triton,0.0,0.0,0.0,0.0,0.0
0.0,0.0,0.0,0.0,0.0,1.0518989999999997,1.5407760000000008,1.1596658000000002,1.0556050000000041,0.1912426907857136,0.13430900000000065,0.15345600000000104,0.13944260000000014,0.13542700000000013,0.007224006605755998,0.0,0.0,0.0,0.0,0.0,0.0,1419.5827969815582,476.1165819945745,95.2233163989149,5,5120,40,8,16,1,4096,1,64,704,True,triton,0.0,0.0,0.0,0.0,0.0
0.0,0.0,0.0,0.0,0.0,0.6175700000000002,1.5268740000000032,1.0618805999999998,1.0532449999999964,0.2876892971277183,0.14588199999999915,0.17572700000000213,0.16134500000000054,0.1599029999999998,0.009854732487491335,0.0,0.0,0.0,0.0,0.0,0.0,1395.2233879826963,492.4248680472374,98.48497360944748,5,5120,40,8,16,1,4096,1,64,768,True,triton,0.0,0.0,0.0,0.0,0.0
0.0,0.0,0.0,0.0,0.0,1.0396689999999968,2.2672309999999993,1.2999538000000006,1.0503670000000018,0.48398157469035885,0.16947800000000052,0.1853020000000015,0.1744374000000002,0.17192199999999866,0.005790626066325395,0.0,0.0,0.0,0.0,0.0,0.0,1407.7784770051949,532.2071249829605,106.4414249965921,5,5120,40,8,16,1,4096,1,64,832,True,triton,0.0,0.0,0.0,0.0,0.0
0.0,0.0,0.0,0.0,0.0,1.0525400000000034,1.5383440000000044,1.162202000000001,1.0642690000000024,0.18875407021518925,0.17728700000000028,0.19443299999999908,0.18292819999999982,0.18049200000000018,0.005975076414573656,0.0,0.0,0.0,0.0,0.0,0.0,1368.1169020128436,536.2726410385221,107.25452820770442,5,5120,40,8,16,1,4096,1,64,896,True,triton,0.0,0.0,0.0,0.0,0.0
0.0,0.0,0.0,0.0,0.0,1.0520569999999985,1.5413009999999998,1.3580234000000022,1.5396739999999993,0.22434274990077213,0.17380199999999923,0.20777499999999738,0.18747879999999978,0.18497899999999937,0.011232212629752878,0.0,0.0,0.0,0.0,0.0,0.0,1653.3800479955971,568.0325159919448,113.60650319838896,5,5120,40,8,16,1,4096,1,64,960,True,triton,0.0,0.0,0.0,0.0,0.0
0.0,0.0,0.0,0.0,0.0,1.040712,1.8895649999999975,1.4134830000000012,1.5425650000000022,0.32601430957122074,0.1948719999999985,0.216503999999999,0.20211459999999998,0.20044100000000026,0.007618830030916489,0.0,0.0,0.0,0.0,0.0,0.0,1417.254799976945,586.5670870407484,117.31341740814969,5,5120,40,8,16,1,4096,1,64,1024,True,triton,0.0,0.0,0.0,0.0,0.0
0.0,0.0,0.0,0.0,0.0,0.5874119999999994,1.5325580000000094,1.0702336000000021,1.0581950000000044,0.2998560106161652,0.19631300000000057,0.2243959999999993,0.2093251999999997,0.20144000000000142,0.012279734417322618,0.0,0.0,0.0,0.0,0.0,0.0,1413.7138819787651,782.6554559869692,156.53109119739383,5,5120,40,8,16,1,4096,1,64,1088,True,triton,0.0,0.0,0.0,0.0,0.0
0.0,0.0,0.0,0.0,0.0,1.0546870000000006,2.528911999999998,1.4514769999999992,1.0698690000000037,0.5693963358304991,0.2110959999999991,0.21850600000000214,0.2149170000000009,0.21470000000000028,0.0024280780877072895,0.0,0.0,0.0,0.0,0.0,0.0,1470.400639984291,631.0333790024742,126.20667580049485,5,5120,40,8,16,1,4096,1,64,1152,True,triton,0.0,0.0,0.0,0.0,0.0
0.0,0.0,0.0,0.0,0.0,0.6023110000000005,1.5421190000000025,1.1542095999999993,1.0478709999999938,0.3544059105396531,0.2174229999999966,0.23681399999999803,0.2234889999999985,0.22154899999999816,0.006937049026783698,0.0,0.0,0.0,0.0,0.0,0.0,1624.98282402521,637.0868509984575,127.4173701996915,5,5120,40,8,16,1,4096,1,64,1216,True,triton,0.0,0.0,0.0,0.0,0.0
