time_stats.emb.min,time_stats.emb.max,time_stats.emb.mean,time_stats.emb.median,time_stats.emb.std,time_stats.input_layernorm.min,time_stats.input_layernorm.max,time_stats.input_layernorm.mean,time_stats.input_layernorm.median,time_stats.input_layernorm.std,time_stats.attn_pre_proj.min,time_stats.attn_pre_proj.max,time_stats.attn_pre_proj.mean,time_stats.attn_pre_proj.median,time_stats.attn_pre_proj.std,time_stats.attn_rope.min,time_stats.attn_rope.max,time_stats.attn_rope.mean,time_stats.attn_rope.median,time_stats.attn_rope.std,time_stats.attn_post_proj.min,time_stats.attn_post_proj.max,time_stats.attn_post_proj.mean,time_stats.attn_post_proj.median,time_stats.attn_post_proj.std,time_stats.mlp_up_proj.min,time_stats.mlp_up_proj.max,time_stats.mlp_up_proj.mean,time_stats.mlp_up_proj.median,time_stats.mlp_up_proj.std,time_stats.mlp_act.min,time_stats.mlp_act.max,time_stats.mlp_act.mean,time_stats.mlp_act.median,time_stats.mlp_act.std,time_stats.mlp_down_proj.min,time_stats.mlp_down_proj.max,time_stats.mlp_down_proj.mean,time_stats.mlp_down_proj.median,time_stats.mlp_down_proj.std,time_stats.add.min,time_stats.add.max,time_stats.add.mean,time_stats.add.median,time_stats.add.std,n_head,n_kv_head,n_embd,n_expanded_embd,vocab_size,use_gated_mlp,num_tokens,num_tensor_parallel_workers
0.014558999999999999,0.030638000000000002,0.02598676190476191,0.026158,0.0027519827640788107,0.019838,0.026118,0.0216827,0.021278000000000002,0.0015540767709479471,0.926855,1.044372,0.9964627,0.9921325000000001,0.02847369267780352,0.3615330000000001,0.43349200000000004,0.41101230000000005,0.41229550000000004,0.01406620781909607,0.33563,0.410188,0.3827448000000001,0.381489,0.014757258372068984,1.286605,1.542159,1.42324955,1.428041,0.04386076228871885,0.140795,0.144396,0.1424533,0.1426155,0.001187128219696593,2.021905,2.2891790000000003,2.1621358999999996,2.153642,0.0726033982805902,0.070277,0.07579599999999999,0.07182820000000001,0.071456,0.0014474720584522485,32,32,2560,10240,51200,False,1024,1
0.014478999999999999,0.030159,0.025592666666666666,0.025679,0.002716164405805562,0.019478000000000002,0.032958,0.021578399999999998,0.020798,0.003078279428511973,0.9723339999999999,1.033851,1.0024684500000003,1.0020324999999999,0.01899311743889086,0.357654,0.40201299999999995,0.3886867500000001,0.3911525,0.012162651445614148,0.34735000000000005,0.390668,0.37769305000000003,0.380209,0.009829610259186274,1.291205,1.4136410000000001,1.3637309499999999,1.3716425,0.030495189485351657,0.137156,0.153355,0.1411811,0.13959500000000002,0.003947974023470768,1.9277080000000002,2.3596570000000003,2.1470443,2.1426625,0.09392847232394448,0.067956,0.085796,0.07111605,0.07023599999999999,0.003702973419766876,32,32,2560,10240,51200,False,1016,1
0.012799,0.041358,0.025664952380952382,0.025359000000000003,0.00446852927201728,0.019039,0.026238,0.02069445,0.020019000000000002,0.002115282923748027,0.920894,1.0222120000000001,0.9872469500000001,0.995993,0.02621477110042163,0.337575,0.400732,0.37960485,0.38223300000000004,0.01328873787564115,0.33263,0.387029,0.37059325000000004,0.370389,0.010923167772560303,1.255966,1.397243,1.33661375,1.336243,0.031764723226993474,0.134876,0.14283500000000002,0.13716335,0.136895,0.0016915917733011127,1.9214680000000002,2.3371370000000002,2.1360808000000002,2.156602,0.09661695028544426,0.067516,0.07527600000000001,0.06931430000000001,0.069116,0.0015791394523600507,32,32,2560,10240,51200,False,1008,1
0.012999,0.041198,0.025392714285714286,0.025038,0.004446136376706422,0.018799,0.024238,0.019958450000000003,0.019518,0.0012354789546973272,0.923294,1.037812,0.9795771000000002,0.977074,0.03439008462027972,0.34917499999999996,0.39901200000000003,0.37619525000000004,0.374712,0.014146718707442385,0.34099,0.39634800000000003,0.3721491,0.370709,0.01216420125573398,1.2645650000000002,1.390643,1.3335498000000003,1.326864,0.0365218409620873,0.133276,0.153035,0.1367194,0.135336,0.004197385500522916,1.995547,2.337937,2.1031334500000005,2.080844,0.09164539365918785,0.066916,0.08511600000000001,0.069716,0.06869600000000001,0.0039910098972565835,32,32,2560,10240,51200,False,1000,1
0.012679000000000001,0.026959,0.024265142857142857,0.024719,0.002684520517366791,0.018798,0.024238,0.02031425,0.019919,0.0015668191304359287,0.929695,1.0250519999999999,0.9736214999999998,0.9670335,0.02566691131495957,0.340415,0.405254,0.37236915000000004,0.37259400000000004,0.013059839127167691,0.33471,0.385789,0.37203915000000004,0.372789,0.011353724372535207,1.2122870000000001,1.395522,1.33318375,1.329764,0.04224323547726308,0.130275,0.135635,0.13292340000000005,0.1329955,0.001394256016662649,1.917029,2.3010590000000004,2.0781585000000002,2.0780645,0.08978422627026425,0.066836,0.084236,0.0693783,0.06837649999999999,0.0037041337732322786,32,32,2560,10240,51200,False,992,1
0.012359,0.030438,0.025124095238095234,0.025358000000000002,0.003127663571981669,0.019159,0.029119,0.020642550000000003,0.0200385,0.002364563352397224,0.951334,1.029492,0.9924648500000002,0.9977125,0.02038112548726149,0.346736,0.398173,0.37524745,0.3765735,0.01243975041741192,0.34382999999999997,0.39978800000000003,0.3767431,0.37596900000000005,0.011283144658737658,1.244286,1.4003219999999998,1.3574331000000002,1.3604035,0.03658382958890441,0.13031500000000001,0.147035,0.13317155,0.1325155,0.0035386277916022745,1.86307,2.184181,2.0684405499999996,2.0804445,0.08213749711579664,0.06651599999999999,0.074516,0.06852825,0.06799650000000002,0.002023837490388001,32,32,2560,10240,51200,False,984,1
0.012317999999999999,0.026359000000000004,0.02402114285714286,0.024478000000000003,0.00268167572496705,0.018518999999999997,0.025478,0.019750550000000002,0.0190585,0.001701720613820024,0.9096150000000001,1.018932,0.9722552999999999,0.972933,0.028686969367815764,0.325455,0.389332,0.36517105000000005,0.366613,0.014189852742276781,0.335511,0.388349,0.37241515000000003,0.374029,0.011100882691367388,1.179808,1.407202,1.3310759500000002,1.3256640000000002,0.04916526917497248,0.12615600000000002,0.131315,0.12857754999999998,0.128755,0.0013856608703070122,1.9343080000000001,2.157022,2.0373013,2.0356655000000003,0.06506701841647582,0.065036,0.07223600000000001,0.06795614999999999,0.067856,0.001830817338649601,32,32,2560,10240,51200,False,976,1
0.013158,0.029198,0.024274476190476187,0.024478000000000003,0.002751355555410869,0.018359000000000004,0.024918,0.0193925,0.0190785,0.0013301963200971498,0.945534,1.009532,0.9803691500000001,0.982233,0.019685977383089217,0.3424550000000001,0.391693,0.36663715,0.3651525,0.011665940241896475,0.34491000000000005,0.390149,0.37313929999999995,0.372829,0.010017734190424496,1.245486,1.393723,1.34223965,1.3432235000000001,0.03446205620718966,0.125675,0.131275,0.12854155,0.12891550000000002,0.0015410294116271729,1.917029,2.158582,2.05351095,2.0551649999999997,0.060448236792709706,0.065196,0.072756,0.0677842,0.0676165,0.0019230738571360158,32,32,2560,10240,51200,False,968,1
0.012119,0.028998000000000003,0.023889714285714285,0.024078,0.002870947448439397,0.018239000000000002,0.024038,0.019470650000000003,0.019099,0.0014852119806613466,0.918894,1.001372,0.9748391499999999,0.9741735,0.01971922444285018,0.326614,0.378212,0.36197155,0.36397350000000006,0.011097805699664237,0.325191,0.37850900000000004,0.36878320000000003,0.3706695,0.010979094254992076,1.202727,1.407762,1.3388936500000002,1.3410235,0.04129233842043215,0.12467600000000001,0.130875,0.12731165,0.1272355,0.0018168504141783334,2.0054670000000003,2.2894989999999997,2.1233890000000004,2.112163,0.0796971966658802,0.064876,0.074717,0.06705205,0.06661600000000001,0.0019562695487841146,32,32,2560,10240,51200,False,960,1
0.012279,0.025998,0.023825000000000002,0.024277999999999997,0.0026491987827409616,0.017518000000000002,0.024079,0.019146450000000002,0.0181585,0.0019693813870096367,0.937334,1.017252,0.9750933499999999,0.9728335,0.025040034433432803,0.32517399999999996,0.38853200000000004,0.36313535,0.36425300000000005,0.013444382158637873,0.33295100000000005,0.392308,0.37110715,0.37272900000000003,0.012008800982092253,1.233286,1.377043,1.3329377,1.3422235000000002,0.03546286222529139,0.12295600000000001,0.141236,0.12610565,0.12523600000000001,0.003711045840123778,1.9818660000000001,2.2333000000000003,2.1129473,2.123383,0.06435996271215513,0.064557,0.07315600000000001,0.06685830000000001,0.0665365,0.001864178910405331,32,32,2560,10240,51200,False,952,1
0.011998,0.028277999999999998,0.02335261904761905,0.023719,0.0027531090559443708,0.017559,0.022399000000000002,0.018410550000000005,0.0182585,0.001013883152784383,0.947374,1.015812,0.9715813500000001,0.9658740000000001,0.018230422233933567,0.33725299999999997,0.370413,0.35520155000000003,0.35629450000000007,0.009140964404673074,0.35534899999999997,0.389789,0.36946935000000003,0.3683495,0.007400731060341272,1.271926,1.385842,1.3212000999999998,1.314764,0.027824698697200653,0.120756,0.130716,0.1251397,0.12439549999999999,0.0026379633450827186,1.9558280000000001,2.215501,2.086944,2.081245,0.0712665143542183,0.063276,0.070596,0.0653864,0.0651765,0.0014855814484571357,32,32,2560,10240,51200,False,944,1
0.011998,0.028277999999999998,0.023672714285714283,0.023879,0.002823115319791867,0.017638,0.024198,0.01886235,0.018138,0.0017051320850596885,0.943095,1.030732,0.9860152000000001,0.979633,0.025833570791897877,0.326615,0.372733,0.35677734999999994,0.357352,0.011243828446196605,0.33291000000000004,0.38082900000000003,0.3623294,0.36051,0.01018436901530969,1.222686,1.397322,1.3418614500000001,1.3497435000000002,0.040733857575087365,0.12115600000000001,0.127994,0.12349170000000002,0.12371599999999999,0.001393537193619171,1.9292690000000001,2.2594589999999997,2.0717885000000003,2.0775845,0.07898347959193742,0.063636,0.06971600000000001,0.06576225,0.06555649999999999,0.0013626669393142293,32,32,2560,10240,51200,False,936,1
0.013278000000000002,0.025438,0.02331847619047619,0.023558,0.002336524945482431,0.017478999999999998,0.019319,0.018354600000000002,0.0181785,0.0005984455196590584,0.952334,1.022052,0.9910728499999999,0.9937125,0.021087208696920986,0.3280550000000001,0.372573,0.35497990000000007,0.357614,0.01197039040257249,0.34939,0.37938900000000003,0.36500730000000003,0.365429,0.00865202966996763,1.287605,1.397442,1.33827365,1.3308240000000002,0.03341103551264911,0.11943600000000001,0.132436,0.12277179999999999,0.1223555,0.0029635813739460563,1.976987,2.2581390000000003,2.0868758,2.067824,0.06706331000077473,0.062355999999999995,0.070677,0.06511639999999999,0.0647565,0.002015934582271956,32,32,2560,10240,51200,False,928,1
0.012039,0.026198000000000003,0.023297380952380955,0.023558,0.0026282998211987502,0.017478999999999998,0.028318000000000003,0.01898855,0.017939,0.0025949218191498574,0.922415,1.012853,0.9783171000000002,0.978913,0.021470280754801507,0.314614,0.367893,0.3480278,0.349333,0.010097216758097247,0.32567,0.37350900000000004,0.3606754499999999,0.36166950000000003,0.009881579977286021,1.195687,1.414002,1.3322618499999999,1.326344,0.04547546259937882,0.116836,0.122996,0.11991400000000003,0.119756,0.001571825690081442,1.887109,2.183861,2.0483148499999997,2.046605,0.07767895858871626,0.062316,0.074436,0.06491835,0.0641765,0.002723579047411695,32,32,2560,10240,51200,False,920,1
0.013199,0.024957999999999998,0.022626809523809525,0.022918,0.0021911946647792196,0.017279,0.022039000000000003,0.018346750000000002,0.0181585,0.0010495075928739158,0.9340940000000001,1.031692,0.9827309500000002,0.981473,0.027734400450478442,0.330895,0.38477199999999995,0.35084745,0.346214,0.014551851371818626,0.34723000000000004,0.375029,0.36017745,0.359309,0.00902307791429842,1.2682449999999998,1.3734030000000002,1.3181962500000002,1.3099045,0.03437100866846219,0.116676,0.133035,0.11949570000000001,0.11823600000000001,0.0037205413866801674,1.8751890000000002,2.21346,2.04496505,2.0227459999999997,0.07955632884533759,0.061315999999999996,0.068676,0.06384624999999998,0.0631565,0.0016905487829400254,32,32,2560,10240,51200,False,912,1
0.011679,0.039478,0.023194619047619044,0.022958,0.00437789604257995,0.017398,0.023599000000000002,0.018188550000000005,0.017859,0.0012822492922595046,0.954534,1.016092,0.9828169500000001,0.979373,0.019923934271310468,0.32841400000000004,0.363054,0.3452357,0.343194,0.010443649444040139,0.34403,0.38062900000000005,0.36097945,0.3617495,0.008282456232754875,1.2705250000000001,1.372523,1.32537605,1.326364,0.02734347847929191,0.11579600000000001,0.134396,0.11896789999999999,0.117676,0.003989776245605758,1.8944290000000001,2.180821,2.02594155,2.017826,0.07926766052273462,0.061517,0.068276,0.06327225,0.0629165,0.0016065945933868952,32,32,2560,10240,51200,False,904,1
0.020678000000000002,0.027798,0.022939238095238096,0.022798,0.0012538256469040927,0.016639,0.023918,0.01812445,0.017678000000000003,0.0014635487171597665,0.766818,0.869816,0.8321271500000001,0.8298575,0.025566551500495718,0.306377,0.364772,0.345012,0.3462535,0.014192168329751443,0.276712,0.32043099999999997,0.30694894999999994,0.307871,0.010030018945520481,1.043011,1.2167270000000001,1.1600964500000002,1.161909,0.038588217966725326,0.113516,0.12087600000000001,0.11668579999999998,0.11657600000000001,0.0020350233807010674,1.8428309999999999,2.2217,2.0568507499999997,2.043585,0.09189937307613968,0.060277000000000004,0.06551699999999999,0.06251835000000001,0.062496,0.0013986031701308267,32,32,2560,10240,51200,False,896,1
0.012719,0.039238,0.023316523809523808,0.022718000000000002,0.004314144417953219,0.017119,0.023399000000000003,0.01834655,0.018218500000000002,0.001245644189766886,0.836896,0.8989349999999999,0.86362615,0.8625160000000001,0.016563032008889547,0.32473599999999997,0.36197199999999996,0.34599574999999994,0.34645400000000004,0.010288000004252534,0.287151,0.31979,0.30684665,0.306671,0.008321157102681094,1.11617,1.2069670000000001,1.1700201999999997,1.1609285,0.02630736079427204,0.110996,0.132276,0.11551395000000002,0.113996,0.004662717217192139,1.950987,2.2045410000000003,2.0304594500000004,2.002306,0.07140976334260955,0.060716,0.063196,0.06207625,0.061976500000000004,0.000731045954437888,32,32,2560,10240,51200,False,888,1
0.011559,0.030478,0.022247904761904764,0.022358,0.0029832978540815873,0.016959,0.023438,0.0182065,0.0180785,0.001285492998814074,0.828697,0.8904160000000001,0.86061225,0.866236,0.01792412525864233,0.312576,0.3598920000000001,0.341294,0.34369349999999993,0.011762565583239064,0.289431,0.32071,0.30539079999999996,0.302771,0.008071861511448274,1.09417,1.209887,1.16966415,1.1645285,0.02770371123022149,0.11067600000000001,0.118116,0.11292799999999999,0.11243600000000001,0.0018155814495637473,1.85887,2.213381,2.0032281000000003,1.985307,0.08552624428086386,0.06007600000000001,0.063797,0.0614143,0.061276,0.0007683523996188212,32,32,2560,10240,51200,False,880,1
0.011119,0.026318,0.021701238095238096,0.021799,0.002582138167244199,0.017039000000000002,0.021758,0.01755855,0.017239,0.0010238848800036063,0.814098,0.8849349999999999,0.8431126500000001,0.838257,0.018006434395168296,0.32061500000000004,0.35381300000000004,0.33503004999999997,0.3345745,0.008543129353316624,0.288711,0.31795100000000004,0.30258714999999997,0.3022115,0.006731853038168622,1.09449,1.1930070000000002,1.1468787500000002,1.141629,0.02517755014864438,0.107436,0.130956,0.11184000000000001,0.109776,0.005302475657652751,1.85411,2.127863,2.0032419999999997,1.996486,0.07439632362018969,0.059237000000000005,0.064876,0.06089435,0.0604165,0.0015194984789396783,32,32,2560,10240,51200,False,872,1
0.011279,0.023718,0.02146885714285714,0.021719000000000002,0.002359382612660602,0.016599,0.022399000000000002,0.0181626,0.0173585,0.0017806019880927911,0.800898,0.8845750000000001,0.8444447,0.840617,0.022299931690702556,0.318375,0.354135,0.3322144,0.33209449999999996,0.008612657472580684,0.287311,0.31751100000000004,0.3031129,0.30139099999999996,0.007996061561168727,1.082331,1.2305270000000001,1.14728275,1.1485090000000002,0.03403845898373634,0.10687600000000001,0.116396,0.109816,0.109336,0.0024611054426822115,1.799231,2.046625,1.9589732999999998,1.971627,0.06590890151876304,0.058237000000000004,0.063636,0.060418400000000004,0.060057,0.0014167239110003044,32,32,2560,10240,51200,False,864,1
0.010999,0.023038,0.021204142857142855,0.021638,0.002326618807374756,0.015837999999999998,0.021599,0.0172926,0.0168585,0.001461726185029194,0.763019,0.8779750000000001,0.82060125,0.821217,0.03128618751442082,0.2962160000000001,0.338213,0.3220305,0.32529450000000004,0.011310589412139391,0.27839200000000003,0.310551,0.29664915000000003,0.29729150000000004,0.010009425699184745,1.063531,1.213967,1.1229993500000002,1.124049,0.03833693534996637,0.104396,0.113956,0.10771805000000001,0.107036,0.0025096254596054784,1.83707,2.079824,1.9510115,1.9335285,0.06781837573585793,0.057997,0.063797,0.05984055000000001,0.059676999999999994,0.0014141088527761944,32,32,2560,10240,51200,False,856,1
0.011079,0.022959,0.021108904761904763,0.021518000000000002,0.0022787761106256746,0.015559,0.022718000000000002,0.016916650000000002,0.016618,0.0014337052791630505,0.760699,0.8669370000000001,0.8097377499999998,0.800918,0.03493189902063014,0.298013,0.34369299999999997,0.3191145,0.3177939999999999,0.011225760430812692,0.276552,0.316031,0.29253724999999997,0.29199149999999996,0.011342759769452053,1.044931,1.189767,1.1057697999999998,1.09375,0.04175666448795928,0.103637,0.11379600000000001,0.10586019999999999,0.1054965,0.0021162000519799632,1.7426730000000001,2.080185,1.9604931999999997,1.9678274999999998,0.08321072559748531,0.057557000000000004,0.063276,0.05903864999999999,0.0586765,0.0012838666704529712,32,32,2560,10240,51200,False,848,1
0.011118000000000001,0.025958,0.021204095238095237,0.021278,0.0025938369061472635,0.015518,0.023439,0.017274499999999998,0.016758,0.002065211914065964,0.756939,0.895015,0.8206473000000001,0.824737,0.041143504703780386,0.301174,0.34245300000000006,0.31867239999999997,0.3174739999999999,0.012316589732551795,0.270952,0.31755099999999997,0.29304739999999996,0.29551099999999997,0.014296256836668814,1.035171,1.216847,1.11615955,1.12451,0.05430108055414273,0.100596,0.108436,0.10394220000000001,0.103357,0.002026599555906395,1.717914,2.081464,1.9449336000000002,1.971427,0.08833469609581503,0.057277,0.066756,0.059238500000000006,0.058516000000000006,0.0021475516873872905,32,32,2560,10240,51200,False,840,1
0.012319000000000002,0.031118,0.024845999999999997,0.024518,0.003551372799623374,0.016319,0.018759,0.017512450000000002,0.017298,0.0006893371072994694,0.822137,0.915055,0.8683021,0.8687560000000001,0.023410958871648117,0.30777800000000005,0.34877299999999994,0.32799655,0.3265535,0.010420638821468663,0.293751,0.32875,0.31137685000000004,0.311991,0.009594827774770115,1.123529,1.234886,1.17631605,1.184148,0.03302210947603891,0.099797,0.114276,0.1024343,0.102016,0.0029085304725926463,1.154489,1.317724,1.22645465,1.231446,0.043052611343883614,0.060076000000000004,0.067076,0.06435625,0.0643765,0.0019696264081038315,32,32,2560,10240,51200,False,832,1
0.010799,0.029638,0.024228857142857142,0.024718,0.003540320220729493,0.015959,0.022478,0.01751645,0.017038499999999998,0.001570520311075282,0.798098,0.888656,0.84896865,0.8469369999999999,0.024676424761855203,0.301416,0.34873499999999996,0.32262454999999995,0.31995450000000003,0.013878351834692037,0.28847100000000003,0.32919,0.30976275000000003,0.308411,0.010976720739250854,1.09457,1.2092070000000001,1.1543725500000002,1.1493885000000001,0.029022536419953025,0.096956,0.107996,0.10059615,0.099397,0.0029385214185879255,1.145928,1.2488460000000001,1.20149535,1.2025475,0.024764645420992847,0.058037000000000005,0.069116,0.06357045,0.06347649999999999,0.0029140912215474646,32,32,2560,10240,51200,False,824,1
0.010679000000000001,0.028639,0.02459461904761905,0.024797999999999997,0.0036351595822203763,0.016159,0.021558,0.017148349999999996,0.0169185,0.0011020540946341973,0.808217,0.9050950000000001,0.85123455,0.850217,0.023395699276736737,0.29889499999999997,0.336853,0.31773090000000004,0.320094,0.010067341093357272,0.296512,0.32739100000000004,0.3098149,0.30901100000000004,0.007690955531661855,1.103289,1.194608,1.1536804999999999,1.1549885,0.024497491962443833,0.09439600000000001,0.10387600000000001,0.09867645,0.0982565,0.00241437616114391,1.141569,1.298604,1.2055071500000003,1.210207,0.03594871017613153,0.057837,0.066156,0.0626284,0.06267600000000001,0.0021343145831858997,32,32,2560,10240,51200,False,816,1
0.010439,0.030518,0.024968,0.025758,0.003662374392450367,0.015799,0.021639,0.017336700000000003,0.016679,0.0017326554793149153,0.800698,0.907135,0.8405167500000001,0.8338169999999999,0.025440719456955224,0.293015,0.33633399999999997,0.3133549,0.313654,0.009755218351733598,0.291432,0.32555,0.3065850500000001,0.307211,0.00816339149787023,1.079731,1.196408,1.1415869,1.1396890000000002,0.029063299886454723,0.09407599999999999,0.098916,0.0961222,0.095876,0.0013796788974250514,1.11169,1.260326,1.1825237,1.171948,0.04440114664071189,0.057156000000000005,0.068796,0.06293205,0.06289600000000001,0.002364557981420628,32,32,2560,10240,51200,False,808,1
0.010279,0.039198000000000004,0.02528038095238095,0.025797999999999998,0.004848841054227391,0.015518,0.022398,0.01694055,0.0167985,0.0013777401959368103,0.804578,1.709274,0.9047332000000001,0.867556,0.18636500228572958,0.29445499999999997,0.336017,0.3178586500000001,0.32219450000000005,0.011984397670617418,0.289032,0.32207100000000005,0.30990699999999993,0.3110705,0.00959152168323671,1.0831700000000002,1.212167,1.1642502999999997,1.1738080000000002,0.03861018539077477,0.093196,0.100076,0.0950805,0.094577,0.0018377606617837941,1.104569,1.267405,1.20305905,1.201427,0.03992921070904734,0.058556000000000004,0.066676,0.06141025000000001,0.0606965,0.0022040683717843247,32,32,2560,10240,51200,False,800,1
0.010279,0.028199000000000002,0.02465742857142857,0.024998000000000003,0.0036492378926673047,0.015278000000000002,0.020239,0.01631665,0.0161785,0.001015633215043699,0.8164980000000001,0.907895,0.8611483,0.8657760000000001,0.025985789299345897,0.29089700000000007,0.33769300000000013,0.31484885,0.314234,0.011362722698697713,0.29711200000000004,0.33315,0.31222864999999994,0.3101305,0.009897461640617758,1.1186500000000001,1.206127,1.16145435,1.1628685,0.027575729992649303,0.09123600000000001,0.102756,0.09485035,0.0939365,0.0029166279206474036,1.136809,1.2470860000000001,1.1853977,1.1815275,0.02714528722835698,0.058716,0.067556,0.06175645,0.0615165,0.0022877596787031647,32,32,2560,10240,51200,False,792,1
0.010039,0.028718,0.024324000000000002,0.024558,0.0036366775129688554,0.014959,0.016518,0.0157566,0.0156385,0.0004575353975377207,0.808898,0.890135,0.8476947499999999,0.842457,0.023289218097383598,0.28229600000000005,0.333893,0.30830075000000007,0.3057155,0.014153658335833178,0.295591,0.322631,0.30685090000000004,0.305671,0.008240235930481603,1.10125,1.191168,1.1445528500000002,1.141449,0.027955303536672606,0.090477,0.095557,0.0927887,0.0929365,0.0013577876895892083,1.131649,1.2655260000000002,1.1806860000000001,1.1738685000000002,0.03515564946207083,0.054636,0.065796,0.059904449999999984,0.059137,0.0030849439293932058,32,32,2560,10240,51200,False,784,1
0.009638,0.029519,0.02499838095238095,0.025638,0.0038741645179339174,0.014879,0.024999,0.01615465,0.015639,0.00208863147240005,0.805858,0.9060950000000001,0.84916655,0.849116,0.029225217739950224,0.276735,0.32725299999999996,0.3041867,0.306054,0.012643888172156538,0.293991,0.32703,0.30851475,0.3098105,0.009371061748142522,1.0928499999999999,1.2058470000000001,1.1503387500000002,1.1458490000000001,0.03439252322653138,0.08843600000000001,0.09679600000000001,0.0904466,0.089636,0.0019372403929301075,1.11121,1.240286,1.1695323000000002,1.177968,0.035416934969164135,0.054956000000000005,0.064556,0.06036029999999999,0.060455999999999996,0.0025220860235130745,32,32,2560,10240,51200,False,776,1
0.010079000000000001,0.029078,0.02346304761904762,0.022998,0.003735672253853196,0.014839000000000001,0.020518,0.01620665,0.015459,0.0017198575020913797,0.690341,0.747899,0.7142802500000001,0.71158,0.017022101823438253,0.28537599999999996,0.325333,0.30739304999999995,0.30765549999999997,0.011679550973710429,0.252112,0.277592,0.26209205,0.25987249999999995,0.007444594693299295,0.985013,1.0598910000000001,1.0130782,1.010912,0.02043573443652077,0.086757,0.09747600000000001,0.09098275,0.090277,0.0025164556796216384,1.026772,1.226567,1.12194135,1.1259095000000001,0.05142042607298677,0.055636,0.062756,0.059140349999999994,0.05863600000000001,0.0021290644723680873,32,32,2560,10240,51200,False,768,1
0.010078,0.042318,0.02408590476190476,0.023879,0.00519916354906992,0.015079,0.020519,0.016122600000000004,0.016038,0.0010973383434474528,0.736659,0.788018,0.7583808999999999,0.757439,0.013014436007372732,0.28313499999999997,0.32965300000000003,0.30884455,0.30811499999999997,0.012732399453657594,0.26019200000000003,0.273872,0.26773385000000005,0.267992,0.0043698135804059205,1.005093,1.06629,1.03528955,1.0375515000000002,0.01818647713680413,0.086157,0.093756,0.08890065,0.089177,0.0022133425011732826,1.022492,1.289485,1.10769195,1.0948505000000002,0.05888478250573317,0.056956999999999994,0.079636,0.06032875,0.0592975,0.00465065354412689,32,32,2560,10240,51200,False,760,1
0.009999000000000001,0.028518,0.023491619047619046,0.023558,0.003487190375075347,0.014679000000000001,0.020078,0.015904599999999998,0.015418999999999999,0.0014414954179601124,0.71102,0.7703390000000001,0.7428172999999999,0.7407195,0.013715143506722791,0.28441700000000003,0.32449500000000003,0.29996695000000007,0.299795,0.01116595486501267,0.25259200000000004,0.290831,0.265978,0.2642125,0.007104866226749096,0.962053,1.053931,1.0145320999999998,1.0137520000000002,0.021953127895359227,0.083077,0.102956,0.08747485,0.086257,0.004726906337923358,1.0246520000000001,1.1507280000000002,1.0912741499999998,1.08805,0.03646622571404259,0.055598,0.06415699999999999,0.0596147,0.0593565,0.0021756781034886568,32,32,2560,10240,51200,False,752,1
0.009799,0.029038,0.02305942857142857,0.023278,0.0034789596634821817,0.014958,0.016638000000000003,0.0157505,0.0159785,0.0005074014682674856,0.7283,0.787178,0.76030885,0.766139,0.018162614333501133,0.27217499999999994,0.317016,0.30060309999999996,0.30339499999999997,0.013312137735540451,0.255992,0.28111200000000003,0.26946190000000003,0.270892,0.007424280577268073,0.992973,1.10257,1.0465734000000002,1.048851,0.029502779039270188,0.080277,0.09107599999999999,0.0840608,0.08333650000000001,0.0023898120762938647,1.026412,1.223127,1.1026859000000002,1.09325,0.041449672045626614,0.053236000000000006,0.063676,0.05954419999999999,0.059756000000000004,0.002542929995104071,32,32,2560,10240,51200,False,744,1
0.009958999999999999,0.026998,0.022257380952380956,0.022998,0.0031200808822878525,0.014558999999999999,0.021399,0.016082700000000002,0.0153385,0.001903548951301227,0.7229800000000001,0.775938,0.7449193500000001,0.73858,0.0178754266642086,0.273856,0.30841500000000005,0.28742125,0.2855955,0.009872620208814903,0.25631200000000004,0.291951,0.2665839,0.264652,0.008601655351733175,0.996692,1.0584120000000001,1.0200802,1.018872,0.017831662655512545,0.078997,0.084157,0.08156474999999999,0.081137,0.001443182659090663,0.989653,1.126809,1.0585571,1.055251,0.03201057337334027,0.05271800000000001,0.06475600000000001,0.05822050000000001,0.058776499999999995,0.0026590690758233415,32,32,2560,10240,51200,False,736,1
0.009479,0.038758,0.023158238095238093,0.022958,0.004727104841380811,0.014878,0.020277999999999997,0.0157866,0.0156985,0.0011467356452120948,0.7362200000000001,0.790178,0.7591988000000001,0.756399,0.01795825605285769,0.27577599999999997,0.31469400000000003,0.29373965,0.292215,0.013667276818280233,0.26063200000000003,0.278352,0.26958194999999996,0.26937200000000006,0.005274484529079595,1.018812,1.0906900000000002,1.0494854,1.039872,0.021750411978627,0.07831600000000001,0.084756,0.08093070000000001,0.08065649999999999,0.001645950366809399,1.036452,1.1534490000000002,1.0827086500000003,1.073671,0.029501139592014093,0.052916,0.063916,0.05774834999999999,0.057715999999999996,0.0027407484247008156,32,32,2560,10240,51200,False,728,1
0.009559,0.024319,0.02243652380952381,0.023318000000000002,0.0030465834356513998,0.014879,0.020399,0.0157405,0.015519,0.0011390918531883195,0.73058,0.793938,0.7633190000000001,0.760059,0.016753747294262263,0.27249700000000004,0.308055,0.29195125000000005,0.291735,0.009885283050449282,0.256473,0.283632,0.26826209999999995,0.26717199999999997,0.006757777303966149,1.018812,1.08477,1.0487393999999999,1.048651,0.020020484962657643,0.075797,0.082357,0.0787949,0.078737,0.0017466504200898357,1.012292,1.129049,1.0707147,1.0737705000000002,0.031669411161403066,0.053036,0.062557,0.0578346,0.057676000000000005,0.0026843827670434773,32,32,2560,10240,51200,False,720,1
0.009678,0.028759,0.023080285714285713,0.023558,0.003325487563864127,0.014639,0.020478000000000003,0.015810499999999998,0.015379,0.001610731588440483,0.7301799999999999,0.796778,0.7565351,0.755139,0.01742567430804328,0.26813600000000004,0.31233400000000006,0.2885817,0.2848755,0.013945224462517627,0.256472,0.277991,0.26708794999999996,0.26751199999999997,0.005578937331383104,1.007733,1.089291,1.0441436000000002,1.042111,0.024706268966397982,0.074037,0.099676,0.0786029,0.077017,0.005257700760788883,1.015452,1.10249,1.0548651,1.0501915,0.022748214648407004,0.055036,0.061236000000000006,0.0572883,0.056816,0.0017535156144157962,32,32,2560,10240,51200,False,712,1
0.009239,0.026958,0.022652,0.023159,0.0033534446966266393,0.014238,0.019518,0.015020349999999997,0.0146985,0.001096494791369298,0.6997000000000001,0.770179,0.7338555999999999,0.7350595,0.01597162349418491,0.261097,0.29929399999999995,0.27398764999999997,0.272296,0.009349655674274851,0.251712,0.274032,0.2624341,0.263612,0.00493512266210273,0.971093,1.061251,1.0139822500000002,1.018092,0.022561852124493235,0.074477,0.090556,0.0768449,0.075797,0.003423029899080637,0.990333,1.09109,1.0319197,1.030652,0.02369762454994168,0.051917000000000005,0.058436999999999996,0.05493435,0.054936,0.0015743962739729776,32,32,2560,10240,51200,False,704,1
0.009198000000000001,0.026359000000000004,0.022455714285714287,0.022959,0.0031211998782955425,0.014078,0.019838,0.015152450000000003,0.014638,0.0015181467806177377,0.698381,0.774019,0.7318199,0.7321199999999999,0.015035410213559192,0.25549799999999995,0.28297400000000006,0.2709079,0.271556,0.006313398101656526,0.249832,0.268432,0.2616241,0.26295199999999996,0.0046005318920750845,0.9644940000000001,1.036452,1.00778055,1.010693,0.015306317112470243,0.071757,0.077077,0.07405305000000001,0.073557,0.0015916514843080448,0.960414,1.10009,1.0227381,1.020312,0.03262004953537011,0.052156999999999995,0.057476,0.05468455,0.054496,0.001480732098490474,32,32,2560,10240,51200,False,696,1
0.009199,0.028797999999999997,0.022552714285714287,0.022998,0.003372980470103656,0.014239000000000002,0.020437999999999998,0.015360750000000001,0.015159,0.0012296573455642017,0.7038200000000001,0.768019,0.7513513,0.7559995,0.016100266243450748,0.258896,0.29629400000000006,0.27686179999999994,0.2766965,0.009960468039203786,0.247433,0.280511,0.2668799,0.266172,0.00770477032688192,0.9468139999999999,1.055852,1.0322439,1.0370720000000002,0.021599752007604178,0.071357,0.087797,0.07398710000000001,0.073097,0.003507163838488301,0.9849330000000001,1.11545,1.03797975,1.0377515000000002,0.03320077241100725,0.051836,0.060116,0.05443654999999999,0.0538765,0.0020169591833996054,32,32,2560,10240,51200,False,688,1
0.009159,0.037798000000000005,0.021680285714285718,0.021358000000000002,0.004551915861876783,0.014119,0.019958,0.015588649999999999,0.015218500000000001,0.0014836310954883629,0.71754,0.778978,0.7549371,0.756159,0.015788307211034365,0.254415,0.290696,0.27823145,0.27893599999999996,0.00988319109131762,0.24791300000000002,0.285352,0.26624215,0.266092,0.007504208760922098,0.935774,1.063971,1.02701,1.0343315,0.025851622243101096,0.06883700000000001,0.073717,0.0720991,0.07235749999999999,0.0011828388689927294,1.004613,1.10825,1.0451755999999999,1.043291,0.02564073025169134,0.047437,0.056276,0.05090690000000001,0.050637,0.001838118165407219,32,32,2560,10240,51200,False,680,1
0.008798,0.024118,0.02049185714285714,0.020957999999999997,0.0027875257724320306,0.014199,0.020159,0.015472549999999996,0.015178,0.001455437682451571,0.680782,0.7835380000000001,0.7537211,0.762659,0.02666145038234042,0.238296,0.2874570000000001,0.27418575,0.274376,0.011998208799129148,0.23947200000000002,0.282871,0.26742790000000005,0.268672,0.009262658975153949,0.937735,1.06737,1.0300538499999998,1.039472,0.029241232972080703,0.06883700000000001,0.07327700000000001,0.0704911,0.0702175,0.0010955954499722964,0.994452,1.08857,1.0358336500000003,1.0366520000000001,0.020310277785581875,0.048277,0.065996,0.05092060000000002,0.050056500000000004,0.003703935142520722,32,32,2560,10240,51200,False,672,1
0.008919,0.023479,0.020251857142857144,0.020599,0.0026545872118478465,0.013639,0.019079000000000002,0.014866600000000002,0.014578,0.0010383403295644452,0.684621,0.768579,0.74277935,0.748419,0.021773680729897278,0.23729600000000003,0.281498,0.2663702,0.27021649999999997,0.011080710783158261,0.241033,0.28167200000000003,0.2638742,0.26603200000000005,0.008497096172222605,0.922335,1.040692,1.01320025,1.0209920000000001,0.026774646714522673,0.066678,0.069757,0.0683793,0.068537,0.0009216892155168133,0.9576939999999999,1.09001,1.03019595,1.027512,0.034465494217369066,0.046157,0.053596000000000005,0.048892700000000004,0.048817,0.001617044807666134,32,32,2560,10240,51200,False,664,1
0.008679000000000001,0.024718,0.01995095238095238,0.019958,0.002838094674017202,0.013879,0.019118,0.0147785,0.014199,0.001319266557599335,0.693101,0.774579,0.7409735499999999,0.740079,0.020515518395777865,0.24213400000000002,0.28257499999999997,0.26459154999999995,0.2650155,0.011300796217413167,0.244153,0.271912,0.26199805,0.261592,0.0063292545807148515,0.9340539999999999,1.0460909999999999,1.0078502999999999,1.0045525,0.027063340036107872,0.065357,0.06919700000000001,0.06729325,0.0673765,0.0011193946075892993,0.9587340000000001,1.09405,1.0164741499999999,1.011932,0.03043069453902587,0.045037,0.050915999999999996,0.04757845,0.047336,0.0016900178837811156,32,32,2560,10240,51200,False,656,1
0.008759000000000001,0.027398,0.02180795238095238,0.021079,0.0036453739043470325,0.013839,0.019758,0.0150306,0.014478499999999998,0.0015912981618791619,0.7145800000000001,0.7738980000000001,0.7505751500000002,0.7546195,0.01446065149388158,0.24317700000000003,0.281136,0.2656721,0.26685649999999994,0.009462892268751657,0.24643299999999999,0.27351200000000003,0.26403815,0.264312,0.006011942974405204,0.935134,1.047131,1.0163701500000002,1.019592,0.023980857891816563,0.06339800000000001,0.070077,0.06543739999999999,0.06507750000000001,0.0016304761083806162,0.984533,1.07697,1.02348005,1.0153325,0.02530981007331943,0.046676,0.051757000000000004,0.04929675,0.048896499999999996,0.0015292188487917616,32,32,2560,10240,51200,False,648,1
0.008679000000000001,0.025758,0.021171761904761905,0.021359000000000003,0.0031997716571024837,0.013198000000000001,0.019599000000000002,0.01474855,0.014179,0.0018334184594630874,0.5611849999999999,0.621823,0.6047871,0.608063,0.013511951139269276,0.23681599999999997,0.276494,0.25879640000000004,0.2607565,0.010272667484154249,0.197714,0.227833,0.2115453,0.21121299999999998,0.006234335971857786,0.795618,0.8892150000000001,0.8639901,0.8687560000000001,0.02175733580864165,0.060677999999999996,0.065718,0.0642292,0.064357,0.0011848237674861194,0.891655,1.277606,1.0834404000000002,1.0792104999999999,0.08504077619789226,0.046476,0.058156000000000006,0.05099474999999999,0.05033750000000001,0.003046840886475696,32,32,2560,10240,51200,False,640,1
0.016078,0.025279,0.02170890476190476,0.021599,0.002235203536162325,0.012558999999999999,0.017918,0.0135306,0.013178,0.0010891840248553042,0.6021839999999999,0.659701,0.6381400999999999,0.640102,0.01584460062892089,0.234578,0.274016,0.25561275,0.2535755,0.010688720002296813,0.20179400000000003,0.22523300000000002,0.21629935000000003,0.216013,0.005440976569284231,0.776178,0.885656,0.8523805000000001,0.8536765,0.023599846362847357,0.059278,0.064797,0.06233335000000001,0.062356999999999996,0.0012952224239488736,0.930454,1.190768,1.0406695499999998,1.028272,0.06972806958139242,0.045995999999999995,0.055877,0.04966285,0.049537,0.002010138335413761,32,32,2560,10240,51200,False,632,1
0.008439,0.025358000000000002,0.020805952380952383,0.021117999999999998,0.003463979262505155,0.012159000000000001,0.018518,0.01360075,0.013139000000000001,0.0015865702592384617,0.5826230000000001,0.661342,0.6319822,0.633362,0.01912692751750787,0.23445899999999997,0.275735,0.25326840000000006,0.254217,0.0096358036167203,0.203073,0.225153,0.21654515000000002,0.21771300000000002,0.00510630301955338,0.768619,0.886615,0.8476286,0.849836,0.02662170990826847,0.059397,0.062157,0.06061924999999999,0.060717,0.0007168886158253591,0.877816,1.1849280000000002,1.0199421,1.021852,0.07134073121148958,0.043957,0.053437,0.0489808,0.0495965,0.002085498012466086,32,32,2560,10240,51200,False,624,1
0.008279,0.029399,0.021215476190476187,0.021438,0.0038806675495828666,0.012478999999999999,0.018439,0.013598749999999998,0.0134985,0.001177028541497614,0.5990230000000001,0.6612619999999999,0.642234,0.6470415,0.015336713608201704,0.231497,0.266256,0.2524267,0.25455649999999996,0.009199599703791465,0.205553,0.22551300000000002,0.21831525,0.219253,0.004676668385453472,0.783259,0.873696,0.85330455,0.8589765,0.02025554392623166,0.057118,0.081917,0.0607774,0.059437500000000004,0.0051286782254300195,0.917255,1.171488,1.0279558,1.0200715,0.06668457903488632,0.044077,0.051877000000000006,0.047528799999999996,0.047057,0.0020642230887188543,32,32,2560,10240,51200,False,616,1
0.008159000000000001,0.024598,0.02152795238095238,0.022278,0.003224777356304218,0.012439,0.017598,0.01332055,0.0129785,0.0010878593877427355,0.587303,0.6555019999999999,0.63214435,0.633982,0.015867613397341766,0.23145600000000002,0.260015,0.24589625,0.2486765,0.009514463126603626,0.208153,0.22495300000000001,0.21595925,0.21639350000000002,0.0036296067538371148,0.791938,0.884136,0.8582684500000001,0.8622965,0.020754097370097785,0.055078,0.058037,0.056649399999999996,0.056877000000000004,0.0008444091070091562,0.860536,1.0660509999999999,0.9764432000000001,0.9830730000000001,0.05151360637792698,0.043277,0.052797,0.04667265,0.046377,0.0021099482049330015,32,32,2560,10240,51200,False,608,1
0.008279,0.026358,0.02176604761904762,0.022078,0.0033280133424095876,0.012359,0.013559,0.012764699999999999,0.0127185,0.0002760938427419199,0.591303,0.6603020000000001,0.62815225,0.6239220000000001,0.014334703463535622,0.22265700000000002,0.25077599999999994,0.2406186,0.23997649999999998,0.0071714619667122255,0.20391399999999998,0.234392,0.21614740000000002,0.2158335,0.00598576320447109,0.8011780000000001,0.882016,0.8497345,0.8493965000000001,0.016637378713306963,0.053837,0.060357,0.0557114,0.0555775,0.00149932552836267,0.908135,1.0476120000000002,0.96211965,0.957613,0.033411749776500806,0.041917,0.053077,0.04582475000000001,0.04543649999999999,0.0025539393860270062,32,32,2560,10240,51200,False,600,1
0.007999,0.024078,0.019474571428571428,0.019758,0.0029559850597507065,0.012159000000000001,0.017399,0.0129687,0.012518500000000002,0.0014798750656727752,0.575744,0.6595420000000001,0.62666845,0.6278425000000001,0.018429705232246678,0.21785799999999997,0.27073699999999995,0.2403092,0.23843850000000005,0.01206510277453118,0.203313,0.235593,0.21643534999999997,0.216854,0.006376018101252538,0.7703390000000001,0.873736,0.8304691999999999,0.8311375,0.0211467153893932,0.052278,0.060998,0.05528575000000001,0.0551975,0.0016591082506876992,0.877896,1.029172,0.96047755,0.959114,0.04196741844869064,0.043277,0.048117,0.0454009,0.04553650000000001,0.0013088533875113748,32,32,2560,10240,51200,False,592,1
0.007759,0.023638000000000003,0.02144595238095238,0.022119,0.0032308539262817996,0.012199,0.017398,0.0131606,0.012438499999999998,0.0017017478779184656,0.588544,0.647582,0.6156985999999999,0.6153225,0.012880072404299605,0.220736,0.24633800000000003,0.23307100000000003,0.23375750000000006,0.007882761242102927,0.198834,0.23755300000000001,0.21392545000000002,0.213193,0.007486502617878392,0.7600990000000001,0.851056,0.8199612499999999,0.8217175000000001,0.018953384826660914,0.052758000000000006,0.056117,0.054191600000000006,0.0539775,0.0009723021341126424,0.824937,1.059091,0.9482738500000002,0.9571335000000001,0.059718652166031845,0.041996,0.048036,0.044308850000000004,0.044257,0.001546717112952462,32,32,2560,10240,51200,False,584,1
0.007879,0.024758,0.021240238095238097,0.021519,0.00330413465228848,0.012119,0.016318000000000003,0.012982750000000001,0.012879000000000002,0.0008294770566447277,0.6066630000000001,0.6653410000000001,0.6400600500000001,0.640142,0.012118520225155381,0.219257,0.255578,0.23781320000000003,0.240596,0.009564301692230326,0.22107300000000002,0.25679199999999996,0.24125449999999998,0.24141200000000002,0.006851185171194825,0.786898,0.872656,0.8481947,0.8519765,0.019094058636392637,0.050638,0.054758,0.052055649999999995,0.051858,0.0010815770095097248,0.8354170000000001,0.933254,0.8866256,0.8874555,0.02828976593823284,0.038357,0.043436999999999996,0.039874900000000005,0.039897,0.0012261222573626172,32,32,2560,10240,51200,False,576,1
0.007758,0.022758,0.020800285714285716,0.021558,0.0030790640065550094,0.011999000000000001,0.013478,0.012778600000000001,0.012839,0.0004300328359555814,0.583183,0.674862,0.63924805,0.6430420000000001,0.01901825422449441,0.21673700000000004,0.25769699999999995,0.23616494999999998,0.24055649999999998,0.011913282664635294,0.22595300000000001,0.254072,0.24488260000000003,0.24553250000000001,0.006730829684370275,0.773738,0.874696,0.8526124999999999,0.8616969999999999,0.025405412817940974,0.049117,0.053357,0.05098554999999999,0.05087800000000001,0.0010385362042317056,0.790698,0.997533,0.8909235000000001,0.8839760000000001,0.04358206586716605,0.037557,0.040877,0.03918100000000001,0.039297,0.0008003624803799835,32,32,2560,10240,51200,False,568,1
0.007759,0.022038000000000002,0.02017761904761905,0.020957999999999997,0.0029220828265727637,0.011878,0.013559,0.012666549999999999,0.012658,0.0004023300231153524,0.5932240000000001,0.6746620000000001,0.6418901499999999,0.642942,0.017995284383068248,0.21397600000000003,0.24689699999999998,0.23267875,0.234096,0.009847959168655208,0.224593,0.258232,0.24283060000000006,0.2438325,0.007240167031222419,0.775738,0.878736,0.8489204500000002,0.8512965,0.021919442117615585,0.048038,0.054997000000000004,0.04973775,0.049578,0.0014187777089805164,0.8204980000000001,0.999332,0.87793975,0.8651365,0.04140118519785998,0.036277000000000004,0.054236,0.03912904999999999,0.038037,0.003745120952319164,32,32,2560,10240,51200,False,560,1
0.007839,0.021878,0.019754666666666667,0.020199,0.002775378967402184,0.011878,0.017399,0.01309275,0.012659,0.0014603996670432384,0.588823,0.6764220000000001,0.64342195,0.646042,0.019055529597665367,0.20689700000000003,0.250697,0.23389314999999997,0.236757,0.012424920857997445,0.230833,0.25875200000000004,0.24381255,0.24401250000000002,0.006540050936154859,0.7770180000000001,0.890776,0.8516565,0.8560565,0.02630748738572347,0.046838000000000005,0.064278,0.0489378,0.048018000000000005,0.003631578191365291,0.801578,0.926894,0.87765375,0.8814155,0.02810396484283846,0.036158,0.042436,0.03757695,0.037177,0.0012984845580521934,32,32,2560,10240,51200,False,552,1
0.007719,0.020478000000000003,0.01715857142857143,0.017478,0.0022839798717199265,0.011919,0.017478,0.01285065,0.012698500000000001,0.0011013503654605105,0.603103,0.6702619999999999,0.6417262000000001,0.6430820000000002,0.014562049806260113,0.20461900000000002,0.24101499999999995,0.22767675,0.2293765,0.010009323602896438,0.226113,0.25783300000000003,0.24512655000000003,0.2459925,0.008125092051632407,0.798378,0.890895,0.86034635,0.8660165,0.020520008319381847,0.045198,0.053998,0.0466477,0.0461375,0.0018418160087261696,0.827577,0.927415,0.8752380000000001,0.876276,0.028138942140741544,0.035917000000000004,0.041277,0.037121,0.036877,0.001124128151057521,32,32,2560,10240,51200,False,544,1
0.007399,0.019718,0.01624614285714286,0.016559,0.002113265793251093,0.011799,0.017599,0.012718799999999999,0.012579,0.0011719778837503718,0.590743,0.6566609999999999,0.6406080999999999,0.6469020000000001,0.015964855251144616,0.206697,0.237217,0.22378309999999998,0.2242565,0.009355547450042679,0.225913,0.253193,0.24358255,0.245393,0.006634497663538668,0.781458,0.878896,0.8564266,0.8651565,0.022830828551325066,0.043796999999999996,0.046998,0.04468585,0.044418,0.0008836280481627996,0.762459,0.924574,0.8517346,0.8509170000000001,0.03707584846824142,0.034756999999999996,0.04111700000000001,0.036298949999999996,0.035877,0.0015110877696216083,32,32,2560,10240,51200,False,536,1
0.007559000000000001,0.021438,0.016680523809523812,0.016839,0.0025074149013532532,0.011398,0.017038,0.0123745,0.0121385,0.001144926307672245,0.596183,0.650942,0.6318904,0.6332230000000001,0.01460461905836643,0.195777,0.240337,0.2178712,0.2181185,0.010865859697235192,0.228833,0.25087200000000004,0.24007670000000006,0.2401525,0.006140129527135404,0.787419,0.8784160000000001,0.8430127500000001,0.8457965000000001,0.022456283454469945,0.041878,0.047638,0.043187899999999994,0.042998,0.0011457879777690106,0.8068569999999999,0.936095,0.84901255,0.8460565,0.03223789082814662,0.034397,0.040237,0.0356411,0.0353975,0.001197896193332294,32,32,2560,10240,51200,False,528,1
0.0071589999999999996,0.022198000000000002,0.016410047619047623,0.016399,0.002520971137066608,0.011319000000000001,0.016238,0.012262600000000002,0.012078499999999999,0.0009727031612984505,0.569784,0.660181,0.63012845,0.6334425,0.01977196331292115,0.19181800000000004,0.233016,0.21457105000000004,0.21567749999999997,0.012049393567624057,0.217273,0.262992,0.24166885000000002,0.241033,0.010079487632191436,0.763899,0.874016,0.8463187,0.854396,0.028317633766082942,0.040878,0.043478,0.04194185,0.041878,0.0006369704290624498,0.790019,0.9194950000000001,0.85418845,0.8455565,0.03746912668381129,0.033957,0.036317,0.034557000000000004,0.034337,0.0005928912210515519,32,32,2560,10240,51200,False,520,1
0.007999,0.020318000000000003,0.015215571428571429,0.015358,0.0020631912999370793,0.011559,0.017518000000000002,0.012452750000000002,0.012199000000000002,0.001236074102754362,0.452507,0.49930599999999997,0.48054425000000006,0.4803065,0.011512857212156332,0.18905800000000003,0.22185599999999997,0.21030359999999998,0.212378,0.007571005596352429,0.23511300000000002,0.24715299999999998,0.24022275000000004,0.239013,0.003873353480835437,0.659381,0.730419,0.7006365999999999,0.7011205,0.01711861645227208,0.035038,0.041078,0.03641200000000001,0.035977999999999996,0.0013836343447602044,0.688181,0.9964930000000001,0.8730979999999999,0.8958755,0.07033500584630671,0.032957,0.052037,0.035685049999999996,0.034817,0.003839249307807452,32,32,2560,10240,51200,False,512,1
0.006999,0.022279,0.015773809523809523,0.015679000000000002,0.00275249811416479,0.011358,0.016519,0.01206865,0.0118185,0.001058095093788833,0.469347,0.530025,0.49755184999999996,0.496606,0.013381198531054673,0.18761800000000003,0.220577,0.2044075,0.20481699999999997,0.008031329332682113,0.222474,0.241513,0.23473704999999997,0.23545300000000002,0.004955210363597091,0.663582,0.7369800000000001,0.7090563000000001,0.71162,0.01580554557141258,0.035198,0.044118000000000004,0.039104,0.038898,0.0020444764611019612,0.71402,0.982573,0.8402808,0.8147375,0.0710151436868222,0.032557,0.039957,0.03475715,0.034457,0.0017347657269787182,32,32,2560,10240,51200,False,504,1
0.007119,0.018639,0.015185571428571428,0.014879,0.002238892319055682,0.011158,0.016797999999999997,0.0122924,0.0117185,0.0015357281790733665,0.461467,0.5204249999999999,0.49146614999999994,0.491506,0.012919611303266817,0.193458,0.22521700000000003,0.20442955000000002,0.2016185,0.007791273551063391,0.22503299999999998,0.24891200000000002,0.23702665000000006,0.236933,0.006032875270341668,0.667381,0.7471,0.7036444500000001,0.698561,0.01961626352666328,0.034277999999999996,0.040318,0.03693,0.036857999999999995,0.00167766981256742,0.73614,0.9830530000000001,0.8480686499999999,0.853377,0.0711026609068008,0.032997,0.034877,0.03364925,0.033557500000000004,0.00045049105152044944,32,32,2560,10240,51200,False,496,1
0.006919,0.018319,0.015419523809523807,0.015759000000000002,0.0021698510288792514,0.011039,0.016398,0.01191265,0.011439,0.0014801148696976193,0.456427,0.5244249999999999,0.48371240000000004,0.484466,0.015099424874477812,0.18329800000000004,0.216298,0.1971437,0.1973185,0.008136527570776118,0.22331299999999998,0.255832,0.23410075,0.23339300000000002,0.007833132846281878,0.645422,0.71674,0.68981065,0.689601,0.01770808372827223,0.033199,0.042198,0.03722805,0.037098,0.0022528686263295515,0.71666,0.891815,0.8165695000000002,0.829497,0.052951176851416634,0.031757,0.037037,0.033035,0.032817,0.0010746143494295987,32,32,2560,10240,51200,False,488,1
0.007079,0.016478000000000003,0.01454714285714286,0.014679000000000001,0.0018413868553404003,0.010478999999999999,0.015399,0.011136650000000001,0.010917999999999999,0.0010186328227089485,0.446548,0.521105,0.48483225,0.483686,0.015616555746626716,0.17677800000000002,0.21381699999999998,0.195208,0.19443799999999994,0.011164695813142427,0.218433,0.250832,0.23503895000000002,0.2352525,0.007775552253538009,0.6513410000000001,0.71554,0.69158275,0.6923410000000001,0.01636424093221253,0.033398000000000004,0.038398,0.035775999999999995,0.035778,0.0012373180674345628,0.7222200000000001,0.933574,0.8072215999999999,0.799218,0.059993090651674214,0.031437,0.037197,0.03281505,0.032457,0.0013739862617581015,32,32,2560,10240,51200,False,480,1
0.006799,0.020277999999999997,0.014697666666666664,0.014558,0.0025549732145335943,0.009799,0.015878,0.0105728,0.010259,0.001243958906073669,0.455227,0.488746,0.47235250000000006,0.4727865,0.00904317788446075,0.17749700000000002,0.203338,0.1921219,0.1940785,0.007059877986905999,0.22151300000000002,0.243272,0.23313479999999998,0.2340325,0.005260142304158696,0.646062,0.71886,0.681175,0.680601,0.019262544286775835,0.031758,0.038878,0.034402,0.034458,0.0017719548526980025,0.666901,0.866616,0.79593995,0.8054375,0.05224665434884324,0.030277000000000002,0.03619700000000001,0.03186730000000001,0.031697,0.0012033213245014828,32,32,2560,10240,51200,False,472,1
0.006679,0.022278,0.014503428571428572,0.014558999999999999,0.002542262538827674,0.009799,0.015078,0.01071265,0.0104385,0.0010862504441886318,0.430147,0.502506,0.47285265,0.4737665,0.017173698332843157,0.17642000000000002,0.20313799999999999,0.19042615,0.1915785,0.008772992563971547,0.222233,0.272312,0.23866874999999999,0.236813,0.010117380994481725,0.642062,0.71278,0.6801671,0.6845209999999999,0.020138108828537008,0.030998,0.037838000000000004,0.0332801,0.032518,0.001813283124611267,0.71762,1.011132,0.8517384,0.843917,0.07793678750782584,0.030277000000000002,0.032797,0.031403150000000005,0.0313975,0.0006757945897238304,32,32,2560,10240,51200,False,464,1
0.0065190000000000005,0.016239,0.01393952380952381,0.013959,0.0018654743203564332,0.009799,0.015959,0.0109667,0.010558500000000002,0.001603459076496809,0.448947,0.504146,0.4738645,0.474926,0.014638745514899838,0.17337799999999995,0.206377,0.19310775000000002,0.194878,0.009361753360749268,0.22867300000000002,0.249512,0.2392388,0.2394325,0.0057874269377677715,0.6436620000000001,0.7084600000000001,0.6869709,0.689601,0.016585359157702914,0.030238,0.048718000000000004,0.032710199999999995,0.031918,0.003868506605913967,0.695581,0.9217350000000001,0.8070357000000001,0.8044775,0.054441771764978414,0.029758,0.035836999999999994,0.030973150000000005,0.030617500000000002,0.0012944509753173336,32,32,2560,10240,51200,False,456,1
0.006799,0.018518,0.014105523809523809,0.014239000000000002,0.002022583322647587,0.009679,0.010719,0.010332649999999997,0.0104385,0.0003048901892485225,0.42698800000000003,0.49082600000000004,0.47055860000000005,0.4732065,0.015929966539199005,0.16585899999999998,0.20601700000000003,0.19002570000000002,0.1929775,0.00993959363404763,0.176754,0.201913,0.1935998,0.19407400000000002,0.006124931229001681,0.6184230000000001,0.706901,0.68199905,0.6908405,0.02332128175610207,0.029398,0.034598,0.03158215,0.031478,0.001625734580889513,0.6983400000000001,0.916095,0.8014536000000001,0.801918,0.05421575054391481,0.028837,0.034637,0.03031525,0.0300575,0.0011010418645537507,32,32,2560,10240,51200,False,448,1
0.007039,0.016119,0.01381214285714286,0.014039,0.0017045135679722122,0.009758,0.018918,0.011176549999999999,0.0104185,0.0023094892178791393,0.452507,0.486626,0.4732107,0.4756265,0.010007351628178153,0.17797800000000005,0.201897,0.19038625000000003,0.19055900000000003,0.006538199491259031,0.183594,0.207194,0.192718,0.192434,0.005128241803971414,0.642822,0.7059,0.67618715,0.6793009999999999,0.016871303284793967,0.027918,0.032038,0.029926200000000003,0.0299385,0.0011895683923171469,0.71742,0.921935,0.8070916,0.797998,0.05953341789146662,0.028157,0.030797,0.029717149999999998,0.029737,0.0006617281371530153,32,32,2560,10240,51200,False,440,1
0.0061589999999999995,0.017797999999999998,0.013050047619047619,0.012999,0.00195082015661278,0.009399,0.014558999999999999,0.01016295,0.0098585,0.001052847779833343,0.439948,0.49718599999999996,0.46268495,0.463287,0.014129047881846097,0.165617,0.203819,0.18157815000000002,0.1796185,0.010084183890008149,0.176034,0.193194,0.1863221,0.18743400000000002,0.004554754712385731,0.616303,0.6974210000000001,0.6645396,0.6663219999999999,0.021109906177906142,0.027438,0.034279000000000004,0.029330449999999997,0.028798499999999998,0.001647473656086798,0.700221,1.10337,0.8480325500000001,0.822657,0.11278469996789235,0.027878,0.035317,0.02914125,0.028916999999999998,0.0015465989097047756,32,32,2560,10240,51200,False,432,1
0.006079,0.014958,0.012606285714285712,0.012719,0.001594219502806703,0.009279,0.014519,0.0099448,0.009599,0.00108680014722119,0.417188,0.481506,0.455957,0.45702699999999996,0.015705925009371468,0.15662,0.19333900000000004,0.1785424,0.18143900000000002,0.009708663025360394,0.167635,0.194194,0.18185410000000002,0.182094,0.005724063249999949,0.596824,0.688701,0.6551957500000001,0.6594815,0.02367641357316391,0.026518,0.028558,0.027584249999999998,0.0277185,0.0005766829176419221,0.681461,0.976733,0.8158815,0.7963385000000001,0.07048819149155411,0.027277000000000003,0.032797,0.028475199999999996,0.028076999999999998,0.0011899684701705336,32,32,2560,10240,51200,False,424,1
0.0059180000000000005,0.017359000000000003,0.012733952380952382,0.012718,0.0018900585900767481,0.009079,0.010358000000000001,0.009742800000000001,0.009678,0.00038682006152732074,0.424347,0.490986,0.4603688,0.456667,0.016468010719573878,0.15669799999999998,0.195937,0.17774615000000002,0.1778785,0.010457504593711642,0.169554,0.202434,0.18345024999999998,0.183214,0.00807202825735267,0.606503,0.7033400000000001,0.6625255,0.666521,0.022962498919978196,0.025838,0.031398,0.027212100000000006,0.026978000000000002,0.0011899870965686983,0.693461,0.991453,0.8216374999999999,0.806458,0.08035835426855133,0.026716999999999998,0.032477000000000006,0.028105150000000002,0.027717,0.0014947360059555678,32,32,2560,10240,51200,False,416,1
0.0058390000000000004,0.013919,0.012097857142857141,0.012279,0.0014917470833034055,0.009118000000000001,0.015038000000000001,0.010244650000000001,0.009779,0.0016113014700855953,0.41466800000000004,0.476027,0.45648900000000003,0.4604865,0.015139833958798879,0.151699,0.187058,0.17444654999999998,0.177199,0.008916743236602702,0.165555,0.18779400000000002,0.18042835,0.1811345,0.006327508232116335,0.603703,0.696861,0.6653493,0.6708210000000001,0.02653332477866277,0.023599000000000002,0.026398,0.02544635,0.025538,0.0006148582173964985,0.691621,0.927095,0.7854224000000001,0.7782385,0.06448187925332201,0.026277000000000002,0.027997,0.027029149999999995,0.026917,0.0005088049994840853,32,32,2560,10240,51200,False,408,1
0.005759,0.013719,0.011907190476190477,0.012078,0.001482114950205814,0.009279,0.014638,0.01026485,0.009779,0.0014778051047076542,0.419788,0.479906,0.46077275,0.45876700000000004,0.015170887557671106,0.152098,0.186618,0.1726582,0.17333949999999998,0.009109929788972041,0.164315,0.197154,0.1776682,0.17819400000000002,0.007983278190067035,0.581824,0.6954600000000001,0.6586036999999999,0.6648620000000001,0.026649596959616488,0.022798,0.029117999999999998,0.02442445,0.0240585,0.0012395599410677963,0.654342,0.978653,0.7557870999999999,0.754279,0.06704405654411134,0.025478,0.027437000000000003,0.026353350000000005,0.026277500000000002,0.0005027594131391273,32,32,2560,10240,51200,False,400,1
0.005759,0.013399,0.01172647619047619,0.011839,0.0014354045263252485,0.009238,0.014158,0.009960599999999998,0.009879,0.0010126844720839755,0.42842800000000003,0.47710600000000003,0.45905690000000005,0.4614865,0.013341085806260294,0.152499,0.19337700000000002,0.17103875,0.16957900000000004,0.010584942101282368,0.158715,0.191914,0.17561055000000003,0.1751545,0.006867895649141739,0.605543,0.687621,0.6602375500000001,0.6623015,0.022177590192523165,0.022078,0.024918,0.02345235,0.023438,0.0007985927795190738,0.689501,1.032452,0.8036857000000002,0.7762785000000001,0.09878102649451458,0.025278,0.027437,0.02609925,0.026077,0.0004597490483948827,32,32,2560,10240,51200,False,392,1
0.005559000000000001,0.014398999999999999,0.012103619047619049,0.012199,0.001675226707506166,0.008959,0.014278,0.0097188,0.009159,0.0015228539522882687,0.361589,0.411708,0.379085,0.377889,0.01041263944444443,0.14582,0.17133899999999994,0.16158284999999997,0.16237949999999998,0.006677989677103421,0.17111500000000002,0.191154,0.1798943,0.1791145,0.005330550460318329,0.489106,0.535905,0.5200992,0.5228855000000001,0.011542396222622053,0.022399000000000002,0.028718,0.02430245,0.024319,0.001442821765673085,0.690821,0.950014,0.8221254,0.8306374999999999,0.06936643754251764,0.024677,0.029237000000000003,0.026599350000000004,0.0263975,0.0011341052982417469,32,32,2560,10240,51200,False,384,1
0.005599000000000001,0.017519,0.011962333333333333,0.011839,0.0019447229777830722,0.008959,0.010558999999999999,0.0095488,0.009439,0.00036226531713648755,0.39434800000000003,0.443787,0.41555995,0.414848,0.012832672887886603,0.14362099999999997,0.17657899999999999,0.16232275000000002,0.16139800000000004,0.009029674672295786,0.16995500000000002,0.185514,0.17818830000000002,0.17797449999999998,0.004335571451377545,0.529785,0.586944,0.55495825,0.5557840000000001,0.01609340229061276,0.022518999999999997,0.027359,0.025674450000000005,0.025959000000000003,0.0013531784241185647,0.72874,0.993572,0.8532586,0.8579969999999999,0.06896189479444427,0.024717,0.033517,0.02662335,0.026177,0.0018306791164756316,32,32,2560,10240,51200,False,376,1
0.006399,0.013278000000000002,0.011515095238095237,0.011639,0.0012867752571285621,0.009639,0.015119,0.0106027,0.010038,0.0014939044848985492,0.394229,0.456267,0.4236038,0.42310800000000004,0.013530886846766543,0.14954,0.180457,0.1654927,0.16567800000000002,0.00777565928458803,0.17163399999999998,0.191874,0.1824241,0.181874,0.005314852593440384,0.509585,0.595383,0.56393195,0.563024,0.01912870772026955,0.022638000000000002,0.042158,0.02549225,0.025258000000000003,0.004005919767980882,0.732859,0.9696140000000001,0.8592984500000002,0.878416,0.07219208854886734,0.024397,0.026997,0.025247200000000004,0.025098000000000002,0.000670188152685498,32,32,2560,10240,51200,False,368,1
0.005158,0.012639,0.011168095238095237,0.011318,0.0014240310291149156,0.008879,0.014079000000000001,0.00942885,0.009179,0.001084306749725372,0.38162900000000005,0.412068,0.39961634999999995,0.399068,0.0082703240944657,0.13941900000000002,0.17221799999999998,0.15675715000000004,0.15709900000000002,0.008835906463261142,0.164035,0.178314,0.17208635,0.173674,0.0045173726686537595,0.49438600000000005,0.5594640000000001,0.5380808,0.5406044999999999,0.014267084027929465,0.022118,0.028758,0.024220250000000002,0.023858,0.0013370374667525215,0.755579,0.9820530000000001,0.8588844000000002,0.8583565000000001,0.05115953783645823,0.022917000000000003,0.029677,0.024657500000000002,0.024597,0.0013555959021773409,32,32,2560,10240,51200,False,360,1
0.005359,0.012999,0.01115495238095238,0.011239,0.0013944949751891057,0.009319000000000001,0.014558,0.0099367,0.0096185,0.0010834126683771054,0.386309,0.43518700000000005,0.411822,0.413388,0.011417514444921893,0.14585900000000002,0.172698,0.16187075,0.162579,0.007413380503353379,0.157194,0.18351499999999998,0.17222445,0.1737145,0.008008437378633862,0.5245460000000001,0.574183,0.5550024,0.5557045,0.013469677280469642,0.022199000000000003,0.026239000000000002,0.0238386,0.0236985,0.0009750960157851124,0.71982,1.009972,0.8458325499999999,0.8561965,0.07118596801721179,0.022957,0.028277,0.0240573,0.023857500000000004,0.001109455817056272,32,32,2560,10240,51200,False,352,1
0.006119,0.016318000000000003,0.011194857142857144,0.011278000000000002,0.0016328760278872922,0.008759000000000001,0.014719,0.0098187,0.0093385,0.0015786108481826674,0.37262900000000004,0.429948,0.40449434999999995,0.40712800000000005,0.01444423920210061,0.137418,0.16821900000000004,0.15628895000000004,0.155499,0.006919717598825841,0.158035,0.184834,0.16878465,0.1675145,0.007736527724211934,0.515905,0.559104,0.5424106499999999,0.545245,0.012068357901036095,0.021117999999999998,0.029598,0.023052250000000003,0.0227185,0.001667772522708058,0.7808590000000001,0.980453,0.8732761,0.8832555,0.055341277424631234,0.021718,0.028677,0.0237915,0.0234575,0.0013741551040548517,32,32,2560,10240,51200,False,344,1
0.004878,0.012199,0.010438571428571429,0.010519,0.001394758984860947,0.008319000000000002,0.009439,0.008864700000000001,0.008819,0.0003173638448216807,0.36006900000000003,0.41810800000000004,0.38858680000000007,0.3885885,0.013605778895748674,0.13618000000000005,0.17601800000000004,0.15175495,0.14865850000000003,0.010194706589573829,0.151755,0.173314,0.1635066,0.16497499999999998,0.005300843502688983,0.472826,0.552825,0.5248451999999999,0.528885,0.01873298108043671,0.020478000000000003,0.023158,0.021624450000000007,0.021558,0.0008095361928289556,0.696701,1.004893,0.8413107500000002,0.8451169999999999,0.07828048423066569,0.021517,0.023718,0.022545550000000004,0.022557499999999998,0.0006710211975042217,32,32,2560,10240,51200,False,336,1
0.005039,0.014759000000000001,0.01040642857142857,0.010439,0.0015520426654490366,0.008279,0.013599,0.009100700000000001,0.008599,0.0014809947366550631,0.35114999999999996,0.397068,0.37228524999999996,0.371469,0.010733853375535741,0.12893900000000003,0.16322,0.14443115,0.14375949999999998,0.007547657731210392,0.147955,0.184954,0.16034674999999998,0.158175,0.008433303515675221,0.488026,0.540424,0.5123335,0.5105055000000001,0.012203950194506694,0.019318000000000002,0.025398,0.02075445,0.020278,0.0013007781699813385,0.662381,1.017612,0.88671945,0.895435,0.09043270883948738,0.020397,0.039317,0.0228794,0.0222175,0.003848961761306547,32,32,2560,10240,51200,False,328,1
0.005039,0.027838,0.010286380952380953,0.009559,0.004059361320585514,0.007239,0.012439,0.00793865,0.0077185,0.0010594575156654467,0.355389,0.39782900000000004,0.37903305,0.380089,0.01079349692395843,0.129419,0.157979,0.14334905,0.14373850000000002,0.009347177095118071,0.162835,0.189554,0.17539220000000003,0.17497400000000002,0.005465279952573334,0.489026,0.558064,0.5267111499999999,0.534625,0.017981423932144514,0.017678000000000003,0.023319,0.019656450000000002,0.019598,0.001132189051130596,0.5997830000000001,0.684261,0.6469400000000001,0.650942,0.01887270887816583,0.019838,0.025637,0.0206734,0.020457500000000003,0.0011807994918698092,32,32,2560,10240,51200,False,320,1
0.0045190000000000004,0.010679000000000001,0.009215952380952382,0.009358,0.0011177044705317734,0.0068390000000000005,0.012319000000000002,0.007728800000000001,0.007559000000000001,0.0011002418643189327,0.32927,0.393669,0.37362525,0.37750950000000005,0.0160421051700673,0.11977900000000001,0.161779,0.14102935,0.140139,0.011175873206488158,0.152835,0.190434,0.1734305,0.1750545,0.008290825788182982,0.466227,0.542145,0.51878735,0.527745,0.021361061381108864,0.017158000000000003,0.019599000000000002,0.018530349999999998,0.018578499999999998,0.0005978359536695661,0.608623,0.669541,0.6492899999999999,0.6576620000000001,0.017182922577373166,0.019757,0.025597,0.02050745,0.0202975,0.0012146724856931604,32,32,2560,10240,51200,False,312,1
0.0045590000000000006,0.010519,0.009137809523809524,0.009279,0.001071629272207583,0.006959,0.012319000000000002,0.007578699999999999,0.007419,0.001109614442047327,0.33771,0.393949,0.36950335,0.37178900000000004,0.012352877252992523,0.1191,0.156179,0.14075924999999997,0.141378,0.009059868580034705,0.157834,0.17951499999999998,0.17225050000000003,0.17407450000000002,0.006037638300693411,0.488547,0.538304,0.5161773000000002,0.5152255000000001,0.013401116565794076,0.017039000000000002,0.019639,0.0183327,0.018418499999999997,0.0006422901291472568,0.572384,0.670661,0.6450278999999999,0.6492819999999999,0.022517714222140755,0.018918,0.025077,0.01980755,0.019637500000000002,0.001261055608409082,32,32,2560,10240,51200,False,304,1
0.004839,0.010239000000000002,0.009061619047619048,0.009238,0.000976908168233329,0.006599000000000001,0.007679,0.007142900000000001,0.007119,0.0002472263942219761,0.33439,0.392549,0.37185715,0.3724695,0.01495586814021506,0.11629900000000001,0.156539,0.139055,0.1412995,0.009502499281767933,0.157115,0.181914,0.17245455,0.1738545,0.006473178681876467,0.470426,0.5354650000000001,0.5102254500000001,0.5138655000000001,0.01659228978614767,0.016159,0.018158999999999998,0.0173306,0.017378,0.0005483847554409215,0.5823440000000001,0.676621,0.6425579500000002,0.650442,0.022487531435164226,0.018518,0.023957000000000003,0.019469450000000003,0.0191975,0.001061014348394969,32,32,2560,10240,51200,False,296,1
0.004439,0.016599,0.009151238095238098,0.008997999999999999,0.0019419864377134659,0.006719,0.012558,0.0073768,0.007119,0.0012082083264073294,0.34043,0.38782900000000003,0.3654653,0.366049,0.011515542827413742,0.11858100000000002,0.148419,0.13570540000000003,0.13672050000000002,0.009232557843848037,0.15887500000000002,0.181914,0.17310640000000002,0.1738345,0.006614721660054941,0.462587,0.5385449999999999,0.51083365,0.5125055000000001,0.01839013610682367,0.015119,0.021559000000000002,0.01675665,0.016759000000000003,0.0012786112886643856,0.580624,0.6762210000000001,0.64401,0.646082,0.023979572735976774,0.018437000000000002,0.023798,0.0193454,0.018917500000000004,0.001474463237927619,32,32,2560,10240,51200,False,288,1
0.004639000000000001,0.009759,0.008427476190476192,0.008558999999999999,0.0009018629723309844,0.006358,0.011719,0.007224800000000001,0.0068785,0.00120255501329461,0.32651,0.39326900000000004,0.35356365,0.35189,0.015640042395322972,0.11325900000000001,0.148458,0.13061165000000002,0.13082000000000002,0.011055469747030203,0.153795,0.182114,0.17255635,0.173434,0.006294380575362444,0.45570700000000003,0.524745,0.49963379999999996,0.504586,0.019504286799573056,0.014558,0.020878,0.01592255,0.0159385,0.0012777886552556334,0.576624,0.668301,0.6381101000000001,0.647062,0.024442906598643305,0.017837,0.018718000000000002,0.018177500000000006,0.0180375,0.00028566457603280103,32,32,2560,10240,51200,False,280,1
0.004438,0.009838,0.008394904761904761,0.008519,0.0009378448904529747,0.006239,0.011718000000000001,0.007228750000000001,0.006779,0.0015113236541191304,0.321631,0.38042899999999996,0.3527797999999999,0.35623,0.014637096992231764,0.10722100000000001,0.140659,0.12604725,0.12835950000000002,0.009619226096079668,0.160874,0.181674,0.17262215,0.1743345,0.005689978534889218,0.475026,0.529265,0.50679575,0.5096655,0.014832726832497792,0.016679,0.017879000000000003,0.017356549999999995,0.017378499999999998,0.00037046247785707027,0.601063,0.673061,0.6403822000000001,0.6447620000000001,0.019792997359167213,0.017277,0.023117000000000002,0.0180415,0.017818,0.0011991231171151696,32,32,2560,10240,51200,False,272,1
0.004719,0.013119,0.008198714285714285,0.008039,0.0013580631215730997,0.006199,0.011399,0.006754900000000001,0.0065585,0.0010806753860433762,0.308191,0.353349,0.3376980500000001,0.33921,0.01181254389822531,0.104619,0.13809900000000003,0.11965600000000001,0.1196605,0.009744608806924994,0.15227500000000002,0.177714,0.16876039999999998,0.1708345,0.0063972618705192925,0.451627,0.522265,0.49485195000000004,0.499266,0.01871751369566749,0.015238,0.023119,0.01622065,0.0156585,0.001649085694407662,0.570184,0.6672619999999999,0.62894635,0.6358820000000001,0.02709534583332531,0.016917,0.021917000000000002,0.017543450000000002,0.017257500000000002,0.0010631974640206779,32,32,2560,10240,51200,False,264,1
0.004199,0.009358,0.007819761904761904,0.007958999999999999,0.0008725614130255437,0.006119,0.024879000000000002,0.0076309,0.0064990000000000004,0.004102137307550785,0.259033,0.32171,0.3020350500000001,0.30825100000000005,0.016908421808303105,0.101941,0.13357800000000003,0.12050750000000002,0.11991950000000001,0.008979558844954466,0.121515,0.141475,0.13389124999999996,0.1349355,0.005051088614100924,0.390749,0.437307,0.4135282,0.41332800000000003,0.013142435404444633,0.015119,0.016318000000000003,0.0157465,0.015679000000000002,0.00034498731860751065,0.47354700000000005,0.553264,0.50404965,0.5045854999999999,0.01747676816026062,0.016957,0.023717,0.0182396,0.0179775,0.0013197673431328718,32,32,2560,10240,51200,False,256,1
0.004079,0.012278,0.008059809523809523,0.007999,0.0013038965274112097,0.005958000000000001,0.011438,0.00671465,0.0064990000000000004,0.0011017628726273183,0.276832,0.31907100000000005,0.3008411,0.30135100000000004,0.009955596726967195,0.10185999999999999,0.12170000000000002,0.1126338,0.1149,0.005727048974821152,0.127475,0.14911500000000003,0.1368453,0.1364955,0.004708696020131266,0.37874900000000006,0.432908,0.4022543499999999,0.4026485,0.011503700883954688,0.012638,0.019398,0.014456649999999998,0.014319000000000002,0.001256490679432203,0.480186,0.5614640000000001,0.51865915,0.512445,0.01973887074347214,0.016198,0.017598,0.016813649999999996,0.016778,0.0003429627202772921,32,32,2560,10240,51200,False,248,1
0.004119,0.009119,0.007545476190476191,0.007679,0.000836516678970008,0.0058390000000000004,0.011238,0.0064949000000000005,0.006279,0.0011014514469553343,0.272471,0.308871,0.2864633,0.2863315,0.009977408331325328,0.0945,0.11933899999999999,0.10883050000000001,0.1100015,0.006599187438616968,0.126115,0.14023500000000003,0.13414725000000002,0.134095,0.0038269471106222555,0.369469,0.422868,0.38770675000000004,0.38860900000000004,0.012704222258269102,0.012319000000000002,0.014919,0.0138187,0.0140185,0.0007007197799405976,0.481866,0.539025,0.5085455,0.511525,0.016392475357614546,0.015557000000000001,0.021357,0.01645955,0.016258,0.0011691775089779997,32,32,2560,10240,51200,False,240,1
0.0041589999999999995,0.012239000000000002,0.007560761904761905,0.007399,0.001328704664764823,0.005759,0.0065190000000000005,0.0061988,0.0062185,0.00017792178056662993,0.265312,0.302231,0.28316755000000005,0.28371100000000005,0.01021536189508233,0.09158100000000001,0.125259,0.10514230000000002,0.1051,0.007537893313784694,0.12987600000000002,0.139276,0.1345355,0.134775,0.0025779418631924175,0.357269,0.393109,0.37824494999999997,0.378349,0.00824726219102437,0.012038,0.019198,0.013874649999999999,0.013718500000000002,0.0014927656974555654,0.48726600000000003,0.521865,0.5038237999999999,0.5030654999999999,0.00940294163865757,0.014997,0.020917,0.016269600000000002,0.015798,0.00155796207912773,32,32,2560,10240,51200,False,232,1
0.003999,0.011998,0.007421571428571428,0.007278,0.0012827876479214568,0.005679,0.011239,0.006612850000000001,0.0061589999999999995,0.0015020746744086994,0.257392,0.30307100000000003,0.28297564999999997,0.286252,0.010940216498200574,0.08834099999999999,0.11822,0.1035542,0.10394,0.007363414361558098,0.125076,0.14367500000000002,0.13693745,0.13769550000000003,0.004868592450339218,0.35751,0.409948,0.376731,0.373709,0.013224474292008735,0.011399,0.018118,0.0134988,0.013139000000000001,0.0014049669604656188,0.479146,0.5351849999999999,0.5096634499999999,0.5093255,0.012339650159040162,0.014717,0.015917999999999998,0.015385649999999997,0.015438,0.0003047225418310893,32,32,2560,10240,51200,False,224,1
0.003679,0.008199,0.007006380952380951,0.007119,0.0007832697325461406,0.005559000000000001,0.010999,0.006272850000000001,0.0060385000000000005,0.0011021226463057549,0.261392,0.28947100000000003,0.2783797,0.27991200000000005,0.0072210110794818745,0.08798200000000002,0.11626100000000003,0.10259845000000004,0.1036415,0.0076377450106363196,0.126396,0.144076,0.13586145,0.136435,0.0038078157580823157,0.33959,0.37610899999999997,0.3564876,0.3571295,0.008894823586783488,0.010839000000000001,0.017277999999999998,0.0123366,0.012359,0.0012646796590441386,0.459347,0.520946,0.50390585,0.5076860000000001,0.013733666528917178,0.014317999999999999,0.015277,0.0148377,0.014858,0.00020781773264088931,32,32,2560,10240,51200,False,216,1
0.003679,0.008239000000000002,0.006814142857142857,0.006879,0.0007692465878540966,0.005399,0.006239,0.0059089500000000005,0.005899,0.00020890918481483758,0.250552,0.288592,0.26612199999999997,0.265272,0.009041825927322427,0.08486100000000002,0.11233900000000001,0.09930615,0.10022049999999999,0.007358349993544744,0.124116,0.149235,0.13556545,0.136275,0.005504647422632987,0.32919099999999996,0.36551,0.34566189999999997,0.34613000000000005,0.008558247635468376,0.010598000000000002,0.015398,0.01184675,0.011938500000000001,0.000969513376648306,0.46142700000000003,0.5140650000000001,0.49928395,0.504806,0.014091798116191562,0.014077,0.019278,0.014643499999999999,0.014397499999999999,0.0010740420150068617,32,32,2560,10240,51200,False,208,1
0.003598,0.008159000000000001,0.006682476190476191,0.006799,0.000761792161322335,0.005399,0.010439,0.0059708,0.005738,0.0010518920857198234,0.237953,0.269032,0.2528364,0.252293,0.0074894347610483985,0.08134000000000001,0.11165900000000001,0.09310065000000001,0.09179999999999999,0.007719772854657056,0.124476,0.140636,0.13191755,0.13193549999999998,0.0046254096086184625,0.314231,0.351429,0.33623614999999996,0.33703,0.010258130747241433,0.010319000000000002,0.016518,0.011282750000000003,0.010819,0.001315446003262772,0.463746,0.512306,0.48920805000000006,0.49150649999999996,0.015588826843207284,0.013238,0.014278,0.01378575,0.0138175,0.0002621873137663222,32,32,2560,10240,51200,False,200,1
0.003399,0.011439,0.006686333333333334,0.006638,0.0012951013320653562,0.005119,0.010198,0.00592465,0.0057385000000000005,0.0010060280450862194,0.23039300000000001,0.276272,0.24811665000000005,0.247653,0.010134686528329332,0.07642099999999999,0.10397900000000002,0.09055850000000001,0.08992,0.00760497776130871,0.098516,0.12267600000000001,0.10817809999999999,0.1083765,0.00547268889029881,0.304831,0.350669,0.3331760999999999,0.33459,0.01198054686105772,0.009719,0.016118,0.011120799999999998,0.0111185,0.0012669431557887668,0.442227,0.536904,0.4882220000000001,0.48798600000000003,0.022386831053099052,0.012238,0.013718000000000001,0.013213800000000001,0.013278000000000002,0.00037101827448253845,32,32,2560,10240,51200,False,192,1
0.003199,0.009558,0.006440666666666666,0.006399,0.0010225185215848793,0.005319,0.010599,0.0058508,0.005558,0.0011043101738189324,0.232793,0.251073,0.24267665,0.24361300000000002,0.005702318039841341,0.075541,0.10110100000000001,0.08605080000000001,0.084901,0.008205304184489445,0.096996,0.120396,0.10496224999999999,0.10535599999999999,0.0053506796939734695,0.309911,0.33315100000000003,0.32353055,0.32511049999999997,0.006656862192317041,0.009279,0.011079,0.0102949,0.010679000000000001,0.0006292688535117565,0.445828,0.5529040000000001,0.48218819999999996,0.4774865,0.023394645880200887,0.011518,0.018037,0.01308565,0.012898,0.0012555786823214227,32,32,2560,10240,51200,False,184,1
0.003319,0.007719,0.006277047619047619,0.006358,0.0007435744095208839,0.005759,0.006479,0.0061309,0.0061189999999999994,0.00020864920320959774,0.237233,0.26663200000000004,0.25201015000000004,0.252872,0.007130974879180268,0.07774099999999999,0.09422000000000003,0.08666654999999998,0.0875205,0.004578419175599806,0.101437,0.117236,0.10865235,0.10871600000000001,0.003462188473711391,0.32031,0.34531,0.33274810000000005,0.33401000000000003,0.007173608610037219,0.009239,0.015518,0.0105268,0.010339000000000001,0.0011968873631215263,0.446668,0.5217050000000001,0.4830083,0.48240649999999996,0.01686985664461914,0.011277999999999998,0.028358,0.0133535,0.0124575,0.0036342977657313666,32,32,2560,10240,51200,False,176,1
0.002799,0.007199,0.005972285714285715,0.006079,0.0007618765768596294,0.005359,0.010759000000000001,0.00605875,0.0057985,0.0011087426155334703,0.223914,0.265432,0.24694639999999998,0.247432,0.011572595955100136,0.06918200000000001,0.09557900000000001,0.08177675000000001,0.081261,0.006939476823759845,0.09359600000000001,0.114756,0.1064761,0.10745650000000001,0.005610224602455768,0.302751,0.34523000000000004,0.32810639999999996,0.33129050000000004,0.01178103405648249,0.008478999999999999,0.010398,0.00962065,0.009918,0.000579758249186676,0.412028,0.514946,0.45922090000000004,0.455867,0.021911748152304046,0.010238,0.016398,0.0111998,0.010717500000000001,0.0012998542072094083,32,32,2560,10240,51200,False,168,1
0.003159,0.011118000000000001,0.006196857142857143,0.006078,0.0012906120469693104,0.004799,0.009558,0.00547285,0.005279,0.0009525577817119549,0.238353,0.263832,0.24931449999999997,0.250312,0.007146391974276254,0.07122100000000002,0.09078,0.08035695,0.07832049999999999,0.006144164886093144,0.09751699999999999,0.111876,0.1064242,0.10641600000000001,0.0038350224197519376,0.30755,0.34547000000000005,0.33042825000000003,0.33121049999999996,0.010346473659537343,0.008079000000000001,0.014478,0.00945685,0.009399,0.0012321467150871277,0.430628,0.508266,0.45808499999999996,0.44992699999999997,0.02220296548661912,0.009918,0.012198,0.0109298,0.010877499999999998,0.0006968191731001667,32,32,2560,10240,51200,False,160,1
0.002599,0.009159,0.005688380952380953,0.005639000000000001,0.0010507810009788628,0.003759,0.009439,0.0044269,0.004139,0.0011675126080689664,0.228593,0.263392,0.24878845,0.249173,0.008818896974537124,0.06690100000000002,0.09426,0.07847900000000001,0.0781605,0.007622117074671575,0.095196,0.114196,0.10672039999999998,0.10845650000000001,0.0047544102725785055,0.300911,0.34459,0.3281362,0.33223,0.010590179307263884,0.008719,0.009279,0.00905675,0.0090985,0.00014867813390004626,0.429908,0.469106,0.44744520000000004,0.44216750000000005,0.014182692451012259,0.009597000000000001,0.011398,0.0101997,0.010018,0.0005294765433897898,32,32,2560,10240,51200,False,152,1
0.002599,0.010118,0.005697857142857143,0.005559000000000001,0.001204691949785318,0.003999,0.009199,0.0045529,0.0043385,0.0010792974057228157,0.231513,0.262552,0.2514262500000001,0.252952,0.009040558344897733,0.06294100000000001,0.08478000000000001,0.07694695,0.07856149999999999,0.006038627107836677,0.095637,0.11515600000000001,0.10807819999999999,0.10863600000000001,0.005405177828712022,0.304151,0.35055000000000003,0.33158040000000005,0.3324905,0.011592357837817127,0.007639000000000001,0.013679,0.008788800000000001,0.008699,0.0012036378857447118,0.412988,0.466787,0.43742345,0.435368,0.01402113832210138,0.008638,0.011118000000000001,0.0096378,0.0094375,0.0006024982655576696,32,32,2560,10240,51200,False,144,1
0.0022789999999999998,0.006599000000000001,0.005196857142857143,0.005279,0.0007218992335508887,0.003719,0.008679000000000001,0.004274900000000001,0.003999,0.0010387662345301759,0.235913,0.257392,0.24573655,0.2461125,0.006120510260386789,0.06374099999999999,0.08238200000000001,0.07276294999999999,0.07304050000000001,0.004440107977009121,0.099357,0.10823600000000001,0.10501415000000003,0.1049165,0.002361093544843153,0.31115,0.33275,0.32246655,0.32155100000000003,0.0057710464083647744,0.007278,0.013039,0.00823675,0.008179,0.0011642968639913106,0.402428,0.47222600000000003,0.4256537999999999,0.4232675,0.014257408697235277,0.008358,0.013718000000000001,0.0092157,0.009017500000000001,0.0011054840613957308,32,32,2560,10240,51200,False,136,1
0.002199,0.006119,0.004814095238095238,0.004839,0.0006545030033589577,0.003639,0.013079,0.00506095,0.003979,0.002610461692402323,0.210153,0.232073,0.22424505000000003,0.227133,0.00625906309662237,0.059702,0.07946099999999999,0.06738910000000001,0.066901,0.005391541439143353,0.089237,0.096357,0.0911067,0.0907965,0.001414474534942216,0.280592,0.298471,0.28950339999999997,0.290191,0.00461590669749725,0.006438,0.007119,0.0068968,0.0068985,0.0001568673324819416,0.401109,0.446747,0.4262598500000001,0.42472750000000004,0.011585277641364492,0.008878,0.012317999999999999,0.0096596,0.0093775,0.0008746278294223206,32,32,2560,10240,51200,False,128,1
0.002159,0.005959,0.004612285714285715,0.004639000000000001,0.0006334356165168713,0.003519,0.008558999999999999,0.0044329,0.0038789999999999996,0.0014498534029342412,0.212073,0.24503200000000003,0.22164920000000002,0.220773,0.007812013687904038,0.05802100000000001,0.075861,0.06519074999999999,0.0644815,0.005428548736771182,0.09067700000000001,0.10215600000000001,0.09520035000000002,0.0953165,0.0023642346388419245,0.281952,0.298111,0.2902254,0.289991,0.004979181563269215,0.006319,0.014718,0.0070988,0.006659,0.0017654348359540206,0.414308,0.443467,0.42666965,0.42574750000000006,0.009072802964216734,0.007638,0.015837,0.008395799999999998,0.008038,0.001719077473530498,32,32,2560,10240,51200,False,120,1
0.002639,0.005959,0.004459952380952381,0.004439,0.0005641504760586383,0.003519,0.004079,0.00378695,0.0037790000000000002,0.00014966244518916562,0.19935400000000003,0.22623300000000002,0.21461724999999995,0.21619300000000002,0.00757685344899187,0.054301,0.07618200000000001,0.06106730000000001,0.060420999999999996,0.005822788739942402,0.089797,0.09847600000000001,0.09359469999999999,0.093197,0.0020385825982775383,0.275192,0.297551,0.28316745,0.28205199999999997,0.00598484802208878,0.0058390000000000004,0.0065190000000000005,0.006188849999999999,0.0061589999999999995,0.00019056003647144914,0.40746800000000005,0.470747,0.4395473999999999,0.440427,0.013941409693427706,0.007198,0.012556999999999999,0.007899799999999998,0.007678,0.0011022726341518231,32,32,2560,10240,51200,False,112,1
0.002159,0.008919,0.00445795238095238,0.004199,0.0011811886457209304,0.003439,0.004119,0.0037527999999999997,0.0037185,0.00019918273017508324,0.199113,0.224393,0.21422745,0.213934,0.007300225314844739,0.050941999999999994,0.06906100000000001,0.05806750000000001,0.05594199999999999,0.004477231136539639,0.08843600000000001,0.09539600000000001,0.09266840000000001,0.0929165,0.001896150479260546,0.27223200000000003,0.292072,0.28182579999999996,0.28167200000000003,0.005697691616786564,0.005599000000000001,0.006198,0.0058768,0.005859,0.00015854135107283514,0.422828,0.490106,0.45802505,0.4582665,0.017456329529643388,0.006958000000000001,0.011918,0.007781850000000002,0.007277500000000001,0.0014150941055279679,32,32,2560,10240,51200,False,104,1
0.001799,0.008799,0.004183666666666666,0.003959,0.0011816845253536652,0.003239,0.005239,0.003615,0.003519,0.0004091747792814214,0.190754,0.214033,0.19907570000000002,0.19853400000000002,0.00493801431852926,0.047382,0.06318299999999999,0.05409365000000001,0.05296250000000001,0.004935738944423621,0.085637,0.10463599999999999,0.09031864999999997,0.08981600000000001,0.0039178128627462535,0.264032,0.279592,0.2692259,0.268152,0.004114334319182144,0.005079,0.010398999999999999,0.0058549000000000006,0.0056985000000000004,0.0010631083152717784,0.422908,0.48922699999999997,0.4617387,0.462306,0.014098837948923304,0.006518,0.008358,0.007005900000000001,0.006958000000000001,0.00036080699826915785,32,32,2560,10240,51200,False,96,1
0.001639,0.005199,0.003745619047619048,0.003759,0.0005665400818998538,0.003279,0.008558999999999999,0.00428075,0.0034990000000000004,0.0017518405142877586,0.190914,0.689621,0.22028319999999998,0.19447350000000002,0.1077277682677962,0.04614200000000001,0.19745799999999997,0.06038509999999999,0.05382150000000001,0.031618821359911564,0.087676,0.102316,0.09114435000000001,0.091256,0.002954275651915371,0.254552,0.27383100000000005,0.26361195,0.264092,0.0037682789370613225,0.004639000000000001,0.005719,0.0051969,0.005199,0.00022929389438011642,0.447147,0.5115460000000001,0.47550645,0.471306,0.017211655592867886,0.006118,0.011278000000000002,0.006993750000000002,0.006518000000000001,0.0012326857618630955,32,32,2560,10240,51200,False,88,1
0.002918,0.007198,0.004080761904761905,0.003959,0.0007708158266075969,0.003159,0.007999,0.0035949500000000004,0.0033385000000000003,0.0010206701952638765,0.186954,0.197994,0.1926039,0.192434,0.0026118265811496738,0.044022000000000006,0.059500000000000004,0.0495578,0.049962000000000006,0.0048172750658437595,0.086357,0.10363599999999999,0.09013665000000001,0.087617,0.00479258617319501,0.255072,0.280792,0.25932019999999995,0.2574525,0.005593259958199687,0.004439,0.009639,0.00505095,0.004819,0.0010716255164468602,0.456667,0.510746,0.48561215,0.48778600000000005,0.013980471251982183,0.005758,0.011198000000000001,0.006315899999999999,0.0060574999999999995,0.0011396735014906683,32,32,2560,10240,51200,False,80,1
0.0014390000000000002,0.004599000000000001,0.003360857142857143,0.003359,0.0005224852958253864,0.003039,0.008478999999999999,0.0036049999999999993,0.003359,0.0011272816861814083,0.187634,0.19567400000000001,0.19105595000000003,0.19073400000000001,0.0023445490499241005,0.043622,0.054622000000000004,0.047311900000000004,0.045922000000000004,0.0030864812149112466,0.08619700000000001,0.09951600000000001,0.08970865000000001,0.088297,0.0036685477545617424,0.252072,0.270392,0.2566842,0.2552125,0.004472574578472673,0.003839,0.0045579999999999996,0.0042548,0.004259,0.00015918090337725812,0.481986,0.534065,0.49956190000000006,0.49636600000000003,0.012308736059807274,0.005238,0.007838,0.00571575,0.0055975,0.0005231206242349844,32,32,2560,10240,51200,False,72,1
0.001279,0.007918999999999999,0.003406619047619047,0.003159,0.0011393979394395501,0.003039,0.005239,0.00355495,0.0034790000000000003,0.000426126328100013,0.18879400000000002,0.20447300000000002,0.19489185000000003,0.19413350000000001,0.003845498865882033,0.041782,0.05882199999999999,0.0474974,0.04592249999999999,0.004148046749977634,0.06579800000000001,0.072437,0.0682036,0.06769800000000001,0.0016842971946779458,0.261552,0.285111,0.267788,0.266612,0.005683013645945257,0.003879,0.004759,0.0043409,0.0043985,0.00023506699045165844,0.281911,0.312631,0.2961454,0.2951715,0.007875712103676722,0.004998,0.007558,0.005463800000000001,0.005398,0.0005308922301183168,32,32,2560,10240,51200,False,64,1
0.001159,0.004239,0.0029360952380952385,0.0029590000000000003,0.0004981692105683335,0.0029990000000000004,0.008159000000000001,0.0035429999999999997,0.0032589999999999997,0.0010738640509859714,0.18443400000000001,0.20047399999999999,0.18875395,0.187114,0.00444407741241081,0.041101,0.05302200000000001,0.045599900000000006,0.045043,0.004100133179544296,0.06783700000000001,0.072077,0.06931110000000003,0.069178,0.0010413151732304674,0.257152,0.275031,0.265084,0.2647125,0.005080980623855989,0.003519,0.005318,0.00400495,0.003939,0.0003430344698423177,0.278992,0.29707100000000003,0.28793955,0.287912,0.004327770493857086,0.004478,0.009798,0.0050777,0.004818,0.001108781407672405,32,32,2560,10240,51200,False,56,1
0.001239,0.004079,0.002802809523809524,0.002759,0.0004628532235773709,0.0028780000000000003,0.003558,0.0031909,0.003219,0.00019331448471338088,0.18127500000000002,0.190914,0.18515825000000002,0.1843745,0.0028610078971404457,0.038622000000000004,0.050422999999999996,0.04241785,0.0411025,0.003614983724375533,0.06619799999999999,0.07131699999999999,0.06817155,0.06787750000000001,0.0014265597945757483,0.24415199999999998,0.27063099999999995,0.2508403,0.24935250000000003,0.00557526281981396,0.002919,0.008758,0.0037108499999999995,0.003199,0.0015530710632485553,0.286871,0.323711,0.30403895,0.30313100000000004,0.008202938793353277,0.003998000000000001,0.020398,0.0052099500000000005,0.004378,0.003499116066594533,32,32,2560,10240,51200,False,48,1
0.001039,0.005199,0.0026636666666666666,0.002559,0.0007283701527143182,0.002839,0.007799,0.0033669,0.003099,0.0010295424663412385,0.179474,0.194834,0.1845121,0.18247400000000003,0.0044574840986816786,0.037302999999999996,0.050183,0.04116615,0.039062,0.004102766557763188,0.064358,0.081997,0.06762130000000002,0.066997,0.0034950069828256418,0.24247200000000002,0.268952,0.24843655,0.2458125,0.006814928895263692,0.002719,0.007639000000000001,0.0032088999999999998,0.0029990000000000004,0.001026131614365331,0.277712,0.315351,0.2981852,0.29667150000000003,0.008523394550295086,0.003798,0.004438000000000001,0.004091849999999999,0.0040975000000000004,0.00016158071512405186,32,32,2560,10240,51200,False,40,1
0.001119,0.003599,0.002160761904761905,0.0021190000000000002,0.0004198331760254423,0.002759,0.012199,0.00346085,0.003039,0.002011305727009198,0.184794,0.19523400000000002,0.187672,0.186534,0.002774064887489119,0.034263,0.053422000000000004,0.039296099999999994,0.038481499999999995,0.00495144359656858,0.06343800000000001,0.079877,0.0653514,0.064318,0.0035316077132093817,0.24691200000000002,0.26063200000000003,0.25085035,0.2488125,0.004101826377054493,0.002798,0.0071589999999999996,0.0034209,0.0029990000000000004,0.0012409030945243066,0.24963200000000002,0.27151200000000003,0.25774620000000004,0.257612,0.005425603243879888,0.0034379999999999997,0.004038,0.0037579999999999988,0.003778,0.00018154889148656368,32,32,2560,10240,51200,False,32,1
0.0010789999999999999,0.003719,0.002183714285714286,0.0021579999999999998,0.000463772023515777,0.002759,0.010398999999999999,0.0033709499999999997,0.0029590000000000003,0.001631793261261977,0.183675,0.206234,0.18801605,0.18629400000000002,0.005146396977255056,0.034742999999999996,0.049103,0.03823415,0.036662,0.00392442821663233,0.062637,0.070877,0.0645432,0.064157,0.0019369919359666918,0.24419200000000002,0.25631200000000004,0.24811625000000004,0.247432,0.0032083986952216575,0.0019190000000000001,0.005199,0.0023050000000000006,0.0021190000000000002,0.0006842543386782431,0.249433,0.28603100000000004,0.2581861,0.255892,0.007827720829845682,0.0031180000000000005,0.0038780000000000004,0.003366000000000001,0.003338,0.0001680952111156055,32,32,2560,10240,51200,False,24,1
0.004479,0.010997999999999999,0.009025285714285715,0.009918,0.0015633879311064325,0.002718,0.007599000000000001,0.00336095,0.003159,0.0009872690856600342,0.175994,0.18879400000000002,0.17910620000000005,0.177514,0.0031999148988684062,0.038303000000000004,0.049340999999999996,0.042239750000000006,0.0406005,0.003479294423802046,0.061598,0.064597,0.06336325000000001,0.063557,0.0008130320949999466,0.233153,0.24535200000000001,0.23645885000000005,0.23589300000000002,0.0027570846790586625,0.001879,0.002359,0.00206495,0.002079,0.00012788529039729307,0.260433,0.274552,0.2650320500000001,0.26357200000000003,0.004448803462449195,0.002718,0.008118,0.0033639000000000004,0.003158,0.001134235112311376,32,32,2560,10240,51200,False,16,1
0.0029590000000000003,0.011279,0.005456095238095239,0.004879,0.001587188346754273,0.002719,0.004158,0.0030468500000000003,0.0029590000000000003,0.00033919098970933766,0.175475,0.22967300000000002,0.18284635,0.1793145,0.011509715718796016,0.03642100000000001,0.14958000000000002,0.04544820000000001,0.03924250000000001,0.024028167684199315,0.061877,0.080637,0.06605524999999998,0.06337699999999999,0.006069632879136927,0.231593,0.25687200000000004,0.24040675,0.238313,0.008411024859522179,0.001639,0.002399,0.00200095,0.0019590000000000002,0.0002159450103614344,0.25503200000000004,0.280632,0.26508600000000004,0.263552,0.0065054017708362916,0.0023580000000000003,0.003518,0.0027139,0.002638,0.00029801223129261,32,32,2560,10240,51200,False,8,1
0.002159,0.007359,0.003097952380952381,0.0024790000000000003,0.001512430698174315,0.002039,0.002758,0.00220495,0.0021390000000000003,0.00019593021078945428,0.16403399999999999,0.183234,0.16951049999999998,0.16725450000000003,0.005607587382288394,0.033821000000000004,0.04134100000000001,0.0364461,0.03548250000000001,0.00241749121818467,0.055558,0.060638,0.05786555,0.0576575,0.001676877290531421,0.219833,0.24415199999999998,0.22514299999999995,0.2221535,0.0065342344769682035,0.0011990000000000002,0.006759,0.001565,0.001279,0.0011938023286960032,0.277872,0.301991,0.2864435000000001,0.284612,0.006271683047635622,0.0015580000000000001,0.005958000000000001,0.0020539,0.001598,0.0013029855294668473,32,32,2560,10240,51200,False,4,1
0.001719,0.003319,0.0019493809523809524,0.001799,0.00035173982216168113,0.002039,0.002518,0.0021629500000000003,0.0021190000000000002,0.00014180425769348392,0.163195,0.179634,0.17110445,0.17057450000000002,0.004267409196163405,0.029903,0.049982,0.03340629999999999,0.031822500000000004,0.004406515393142295,0.054877,0.061757,0.05710935,0.0563975,0.0017839466997362904,0.22091300000000003,0.23975200000000002,0.227003,0.225873,0.004713044461916312,0.001239,0.009159,0.0016709499999999998,0.001279,0.001718223282201705,0.238513,0.263952,0.24777254999999995,0.246812,0.006618584006228224,0.0023980000000000004,0.002758,0.0025419000000000006,0.0025570000000000002,9.828982653357365e-05,32,32,2560,10240,51200,False,2,1
0.001559,0.0031190000000000002,0.0018828095238095234,0.001799,0.00035540019281389573,0.002039,0.005239,0.0023428499999999996,0.002159,0.0006792373130946207,0.165595,0.18111500000000003,0.17006055,0.16935450000000002,0.00395860627588802,0.028581999999999996,0.034142000000000006,0.030932200000000003,0.029923000000000005,0.0020148261364197166,0.052037,0.058438000000000004,0.05493750000000001,0.0543975,0.0019163601566511452,0.219273,0.243353,0.22654115,0.2246935,0.0067830538717822365,0.001039,0.005079,0.0015448999999999999,0.0011585,0.001156296367718934,0.238952,0.270632,0.25221855,0.25163250000000004,0.007817612912360142,0.001958,0.016077,0.0030598500000000002,0.002078,0.003115662165174524,32,32,2560,10240,51200,False,1,1
